Workbook

Sheet 修订历史
A1: 版本 | B1: 日期 | C1: 相关会议 | D1: 修订内容 | E1: 修订人
A2: V1.0.0 | B2: 40844 | D2: 创建第一稿 | E2: 李健、梁双春、胡亚希、袁静
B3: 40871 | D3: 1、增加了测量族说明 | E3: 李健、梁双春
D4: 2、明确了各性能测量上报周期
D5: 3、明确了设备入网时性能测量的准确性测试要求
D6: 4、删除多个性能测量英文名称的测量族与测量名称之间的空格。
D7: 5、删除“RRC连接建立失败次数”，因为据36.331，RRCConnectionReject未约定拒绝原因字段，无助于问题分析，同理删除“RRC连接重建失败次数”。
D8: 6、ERAB.NbrAttModQoS更名为ERAB.NbrAttMod，ERAB.NbrSuccModQoS更名为ERAB.NbrSuccMod，ERAB.NbrFailModQoS更名为ERAB.NbrFailMod。
D9: 7、ERAB.NbrReqRelEnbPerCause更名为ERAB.NbrReqRelEnb，原因在子测量名中体现。
D10: 8、ERAB.NbrReqRelEnbPerTraffic._Qci更名为ERAB.NbrReqRelEnb._Qci，业务通过QCI来区分。
D11: 9、将ERAB.NbrReqRelEnb._Qci.NormalRelease改为ERAB.NbrReqRelEnb.NormalRelease._Qci
D12: 10、删除E-RAB正常释放的原因值：（1）Detach，应对应于Detach Request消息 （2）Redirection towards 1xRTT，不适合于中国移动的网络 (3) UE Not Available for PS Service,UE不应存在E-RAB。
D13: 11、“MME释放的E-RAB数”的英文名 ERAB.NbrReqRelEnbMmeInitNoHOPerTraffic改为ERAB.NbrReqRelMmeInitNoHo
D14: 12、“成功切换释放的E-RAB数”的英文名ERAB.NbrReqRelEnbByHOPerTraffic改为ERAB.NbrReqRelEnbByHo
D15: 13、“eNB间X2切换出准备成功次数”英文名HO.SubccPrepOutInterEnbX2 改为HO.SuccPrepOutInterEnbX2
... D18: 16、增加“eNB间S1切换出完成次数”，对应于UE CONTEXT RELEASE COMMAND消息。
B19: 40877 | D19: 1、增加“eNB间切出失败的E-RAB数”，并分QCI进行统计，切换失败的E-RAB应计为掉线。 | E19: 李健
D20: 2、删除“分业务的eNB请求释放的激活E-RAB个数”，因其用途不明确。
D21: 3、将“eNB间S1切换出准备请求次数”更名为“eNB间S1切换出请求次数”，“eNB间X2切换出准备请求次数”更名为“eNB间X2切换出请求次数”
D22: 4、删除“eNB间切换出请求次数”，因为若eNB向多个X2口及S1口同都发切换请求时，不重复计数的标准不明确。
D23: 5、删除同频、异频切换出准备请求次数与成功次数，因为同、异频对准备阶段的成功率无影响。同理，切换完成阶段与同异频关系也无关。对于同异频，重点关注切换执行过程的成功率。
D24: 6、增加“同频切换出执行请求次数”、“异频切换出执行请求次数”。
D25: 7、对于切换入请求、准备、准备失败次数，不考虑eNB内，因为eNB内无准备相关信令。
D26: 8、增加了“eNB间S1切换出取消次数”和“eNB间X2切换出取消次数”
D27: 9、删除“系统间分组域切换出请求次数（EPS->CDMA2000）”。
D28: 10、来、去2G的切换，英文名字中的Gprs改为Geran。
D29: 11、增加了“2G切入成功次数”、“3G切入成功次数”。
B30: 40881 | D30: 12、(HH页）S1接口流量统计移动HL页，S1.IncNbrOctsGtpU更名为S1.IncNbrOctGtpU
D31: 13、(HH页）PDCP层的统计，原先分别使用了DRB、SRB、PDCP三个族，统一为PDCP族
D32: 14、(HH页）DRB.PdcpSduBitUL更名为PDCP.UpOctUl, DRB.PdcpSduOctDl更名为PDCP.UpOctDl，SRB.PdcpSduBitUl更名为PDCP.CpOctUl, SRB.PdcpSduBitDl更名为PDCP.CpOctDl，DRB.PdcpSduLossRateUl更名为PDCP.UpPktLossRateUl， DRB.PdcpSduDelayDl更名为PDCP.UpPktDelayDl， DRB.PdcpSduDiscardRateDl更名为PDCP.UpPktDiscardRateDl, DRB.PdcpSduAirLossRateDl更名为PDCP.UpPktLossRateDl， PDCP.NbrUl更名为PDCP.NbrPktUl，PDCP.NbrDl更名为PDCP.NbrPktDl。
D33: 15、（HI页）RRU.TrafficDrbPrbUlAssnMean更名为RRU.DtchPrbAssnMeanUl，RRU.TrafficDrbPrbDlAssnMean更名为RRU.DtchPrbAssnMeanDl，RRU.PdcchCceDlAssnMean 更名为RRU.PdcchCceUtilRadio,RRU.RachPreambleMean.Dedicated更名为RRU.RachPreambleRcvd
B34: 40882 | D34: 1、（HI页）ENBHI02“上行业务信道占用PRB平均数”->“下行业务信道占用PRB平均数” （HF页），新增MRO相关切换失败次数 | E34: 梁双春
A35: V1.1.0 | B35: 40889 | D35: 1、(HB页）ERAB.InitEstabTimeMean更名为ERAB.EstabTimeMean，ERAB.InitEstabTimeMax更名为ERAB.EstabTimeMax。 | E35: 李健、梁双春
D36: 2、(HB页）ERAB不再区分Initial E-RAB与Additional E-RAB。“初始E-RAB建立请求数”与“附加E-RAB建立请求数”合并为“E-RAB建立请求数”，“初始E-RAB建立成功数”与“附加E-RAB建立成功数”合并为“E-RAB建立成功数”。“初始E-RAB建立失败数”与“附加E-RAB建立失败数”合并为“E-RAB建立失败数”。
D37: 3、(HB页）“ERAB.NbrExistPerTraffic”的英文名为更名为 “ERAB.NbrLeft”，中文名称由“E-RAB数”改为“遗留E-RAB数”
D38: 4、（HC页）增加了性能测量“正常的eNB请求释放上下文数”(CONTEXT.AttRelEnb.Normal)
D39: 5、(HB)页ERAB.NbrReqRelEnb.NormalRelease改为ERAB.NbrReqRelEnb.Normal。
D40: 6、（HD页）“eNB间S1切换出完成次数”更名为“eNB间S1切换出成功次数”,“eNB间X2切换出完成次数”更名为“eNB间X2切换出成功次数”，英文名称不变。
D41: 7、（HB页）“小区切换入E-RAB数”更名为“切换入E-RAB数”，英文名称不变。
D42: 8、（HI)“上行PRB占用平均数”明确为PUSCH的PRB占用。
B43: 40897 | D43: 9、（HD）删除“eNB间S1切换出执行成功次数”、“eNB间X2切换出执行成功次数”。“同频切换出执行成功次数”改为“同频切换出成功次数”，“异频切换出执行成功次数”改为“异频切换出成功次数”，且修改成功对应的信令消息。
D44: 10、（HF）删除“系统内每相邻关系切换出执行成功次数”
B45: 40898 | D45: 11、（HB）“切出失败的E-RAB数”明确只统计成功的切换过程。
B46: 40899 | D46: 12、（HF）“系统内每相邻关系切换出完成次数”更名为“系统内每相邻关系切换出成功次数”
D47: 13、（HF）“系统内每相邻关系切换出请求次数”增加分原因切换统计。
B48: 40903 | D48: 14、（HG）“寻呼请求记录个数”更名为“寻呼记录接收个数”，“寻呼丢弃记录个数”更名为“寻呼记录丢弃个数”，并更新指标定义。
D49: 15、（HH）更新PDCP.NbrPktDl（小区下行包数）的定义。
D50: 16、增加了S1AP相关的伪测量._Cause实例化时测量名取值的建议，见ERAB.NbrFailEstab._Cause (ENBHB07,分原因的E-RAB建立失败数)的备注栏。
A51: V2.0.0 | B51: 41326 | D51: 1、（HD）增加HO.AvgTimeInterEnbS1（eNB间S1平均切换时长）、HO.AvgTimeInterEnbX2（eNB间X2切换平均时长） | E51: 李健、胡亚希
D52: 2、（HE）增加了IRATHO.AvgTimeOutGeran（切换至2G平均时长）、 IRATHO.AvgTimeOutUtran（切换至3G平均时长）
D53: 3、（HC）增加了CONTEXT.AttInitalSetup.Csfb(CSFB初始上下文建立请求次数)、CONTEXT.SuccInitalSetup.Csfb(CSFB初始上下文建立成功次数)、CONTEXT.AttMod.Csfb（CSFB上下文修改请求次数）、CONTEXT.SuccMod.Csfb（CSFB上下文修改成功次数）
D54: 4、新增HM页（MAC层性能测量数据）
D55: 5、（HF）HO.SuccOutPerRelation(系统内每相邻关系切换出成功次数)的触发点中增加eNB内切换的触发点。
D56: 6、（HI）PRB平均数 的数据类型由整数改为实数。
D57: 7、（HF）“基于EutranRelation的切换测量数据”统计对象由EutranRelation 改为EutranRelationTdd
D58: 8、（HN）增加了CQI数统计。
D59: 9、（HH）删除PDCP.UpPktLossRateUl(小区用户面上行丢包率)、PDCP.UpPktLossRateDl（小区用户面下行丢包率）、PDCP.UpPktLossRateDl(小区用户面下行丢包率)，改为统计PDCP.NbrPktLossUl（小区上行丢包数）、PDCP.NbrPktLossDl（小区下行丢包数）、PDCP.UpPktDiscardDl(小区下行弃包数)。
D60: 10、(HA)增加RRC.ConnReleaseCsfb（CSFB触发的RRC连接释放次数）
B61: 41333 | D61: V2.0.0正式发布
A62: V2.1.0 | B62: 41403 | D62: 1、(HB)应无线优化处的要求增加ERAB.NbrFailEstab.CauseTransport。
D63: 2、应无线优化处的要求增加基站的“系统平均负荷”、“系统最大负荷”于新增的HO页。
D64: 3、（HM)MAC.NbrTbDl._Rank改为MAC.NbrTbDl.Rank1和MAC.NbrTbDl.Rank2
D65: 4、应无线优化处的要求，增加“小区平均发射功率”和“小区最大发射功率”于新增的HP页。
D66: 5、增加“RRU平均发射功率”和“RRU最大发射功率”于新增的HQ页。
D67: 6、(HD)HO.SubcOutPrepInterEnbX2修改为HO.SuccOutPrepInterEnbX2。
D68: 7、（HI）RRU.PdcchCceUtilRadio改为RRU.PdcchCceUtilRatio
D69: 8、(HA）应无线优化处要求增加“有效RRC连接平均数”。
D70: 9、(HB)ERAB.NbrHoInc测试要求改为“否”，原因是该消息需要使用空口监测，操作难度较大。
B71: 41421 | D71: V2.1.0发布。
A72: V2.2.0 | B72: 41561 | D72: 1、HA05(修订)：明确“RRC连接建立请求次数”统计含重发（现网测试中发现有的厂商用含重发的，有的用不含重发的计数器进行映射。各设备商对于不含重发情况的统计，较难达成一致） | E72: 方波
D73: 2、HB07(新增)：增加“无线资源不足原因导致的E-RAB建立失败数”（需求来源：无线优化处）
D74: 3、HB11(修订),HC07(修订)：“正常的eNB请求释放的E-RAB数”和“正常的eNB请求释放上下文数”中正常原因增加“UE Not Available for PS Service、Redirection towards 1xRTT”(现网测试发现不同厂商对于正常释放的原因理解有差异，所以本轮修订对正常原因进一步做了完善)
D75: 4、HA08(新增)、HC09(新增)、HD23(新增)：增加“RRC连接重建成功次数(非源侧小区)”、“遗留上下文个数”和“切换入成功次数”（新增小区级别无线掉线率指标，所以新增了计算指标所涉及的3个测量项）
D76: 5、HH02(修订)、HH04(修订)、HH09(修订)：“小区用户面下行字节数”、“小区控制面下行字节数”、“小区用户面下行平均时延”定义中增加对成功发送的描述(现网测试中发现有的厂商统计的是“发送未确认”的情况，有的厂商统计的“发送且确认发送成功”的情况，本轮修订做了统一)
D77: 6、HI01～HI04(修订)：“上行业务信道占用PRB平均数”、“下行业务信道占用PRB平均数”、“上行PUSCH PRB占用平均数”、“下行PDSCH PRB占用平均数”的定义中明确了求平均数的方法(原规范未明确求平均的方法，本次修订做了明确) 7、HI07～HI10(新增)：增加“上行PUSCH PRB可用平均数”、“下行PDSCH PRB可用平均数”、“上行PUSCH TTI总数”、“下行PDSCH TTI总数”用于无线利用率等指标的计算(拟从另一个角度评估无线利用率，所以新增了计算指标所涉及的4个测量项)
D78: 8、部分测量项的优先级做了调整 9、小的文字修订
A79: V2.3.0 | B79: 41628 | D79: 1、HH11～HH12(增加)：增加“小区PDCP层接收上行数据的业务总时长”、““小区PDCP层接收下行数据的业务总时长”，基于激活ERAB统计业务总时长 2、HB07(新增)：增加“无线接口进程失败原因导致的E-RAB建立失败数” 3、HB16～HB19（新增）：增加“下行平均激活E-RAB数”、“上行平均激活E-RAB数”、“下行最大激活E-RAB数”、“上行最大激活E-RAB数”，统计激活E-RAB数（代表用户数） （需求来源：无线优化处四川优化项目） | E79: 方波
D80: 4、HA11（新增）：增加“有效RRC连接最大数”，用于系统扩容评估。（需求来源：无线优化处四川优化项目）
D81: 5、HN17～HN18（新增）：增加“小区RB上行平均干扰电平”、“小区RB上行最大干扰电平”，统计每RB上行干扰噪声值。（需求来源：无线优化处四川优化项目）
D82: 6、HF08～HF09（新增）：增加“系统内每相邻关系目标小区无响应原因导致的切换出准备失败次数”、“系统内每相邻关系目标小区回复切换准备失败消息导致切换出准备失败次数”(需求来源：浙江公司)
A83: V2.3.1 | B83: 41642 | D83: 1、ENBHB17英文名字“ERAB.ActiveMeanNbrDL._Qci”改为“ERAB.ActiveMaxNbrDL._Qci”；ENBHB19英文名字“ERAB.ActiveMeanNbrUL._Qci”改为“ERAB.ActiveMaxNbrUL._Qci” | E83: 方波
A84: V2.3.2 | B84: 41711 | D84: 1、ENBHH12英文名字“PDCP.Thrp.TimeDL”和“PDCP.Thrp.TimeDL._Qci”改为“PDCP.ThrpTimeDL”和“PDCP.ThrpTimeDL._Qci” | E84: 方波
A85: V2.4.0 | B85: 41746 | D85: 1、ENBHA09增加两个子项以区分到2G和3G的重定向，并对原有的“CSFB触发的RRC连接释放次数”子项信令描述进行细化。 | E85: 方波
D86: 2、ENBHD01～04、06～10、12～18增加QCI=1的子项用于VoLTE指标的计算
D87: 3、在“Index”页补充伪测量的命名规则
D88: 4、增加ENBHM09/10和ENBHM01/05的子项，增加语音半持续调度上行初传TB块数、语音半持续调度下行初传TB块数、语音调度上行TB块总数、语音调度下行TB块总数用于计算半持续调度占比指标
D89: 5、修订ENBHN01～16，明确了载波聚合场景下，CQI 统计需要区分Pcell和Scell。
D90: 6、增加ENBHI11～12，描述载波聚合场景下，本小区借用Scell的PDSCH PRB总数、被PCell借用的PDSCH PRB总数
D91: 7、增加ENBHI13/14，统计上行VoLTE占用PRB总数、下行VoLTE占用PRB总数，用于VoLTE指标的计算。
D92: 8、增加ENBHA12～13，分别描述载波聚合场景下以本小区为PCell的下行CA平均激活UE数和协作多点传输场景下进入上行CoMP状态UE平均数
D93: 9、ENBHC01、04：在备注中增加描述：统计CSFB触发的次数，可以用“initial Context Setup Request（HC01） + Ue context Modification Request（HC04）”，上述两条消息都携带IE为“Cs Fallback”（来源：监控处）
D94: 10、增加HR sheet页，为“基于GSMRelation的切换测量数据”，包含4G-2G相邻关系级别的切换统计，具体为：LTE到GSM每相邻关系切换出请求次数、LTE到GSM每相邻关系切换出准备成功次数、LTE到GSM每相邻关系切换出成功次数，以便了解4G到2G的邻区对切换成功情况，支撑互操作邻区以及参数优化。（来源：无线优化处）
D95: 11、HM03/07在原QPSK模式上/下行成功传输初始TB数、16QAM模式上/下行成功传输初始TB数、64QAM模式上/下行成功传输初始TB数统计基础上，增加了细分QCI = 1的统计。（来源：无线优化处）
A96: V2.4.1 | B96: 41817 | D96: 1、ENBHB11增加子项，单独统计用户不活动原因eNB请求释放的E-RAB数。 | E96: 方波
D97: 2、ENBHC07增加子项，单独统计用户不活动原因eNB请求释放上下文数
A98: V2.5 | B98: 41900 | D98: 1、增加ENBHI15，统计小区不可用时长，并区分不可用总时长，节能不可用时长和S1接口故障不可用时长。 | E98: 方波
D99: 2、增加“HS”页，添加ENBHS01/02指标，为S1接口UE相关逻辑信令连接建立请求次数、S1接口UE相关逻辑信令连接建立成功次数，用于计算S1接口UE相关逻辑信令连接建立成功率指标。
D100: 3、修改ENBHH09测量项，小区用户面下行平均时延（PDCP.UpPktDelayDl）数据类型整数改为实数。
D101: 4、增加ENBHM11/12测量项，为上/下行调度的最大UE数目。
D102: 5、增加ENBHB20测量项，为激活E-RAB释放个数，定义参照3GPP 36.425。
...

Sheet Index
A1: 索引 | B1: 性能参数表名 | C1: 备注 | D1: A类测量数 | E1: B类测量数 | F1: C类测量数 | G1: CA类测量数 | H1: CB类测量数 | I1: CC类测量数 | J1: 小计 | K1: A类测试数 | L1: B类测试数 | M1: 测试数
A2: HA | B2: RRC连接性能测量数据 | D2: =COUNTIF(HA!$B:$B,"A") -> 3 | E2: =COUNTIF(HA!$B:$B,"B") -> 14 | F2: =COUNTIF(HA!$B:$B,"C") -> 5 | G2: =COUNTIF(HA!$B:$B,"CA") -> 6 | H2: =COUNTIF(HA!$B:$B,"CB") -> 14 | I2: =COUNTIF(HA!$B:$B,"CC") -> 0 | J2: =SUM($D2:$H2) -> 42 | K2: =SUMPRODUCT((HA!$B$2:$B$41="A")*(HA!$M$2:$M$41="是")) -> 0 | L2: =SUMPRODUCT((HA!$B$2:$B$41="B")*(HA!$M$2:$M$41="是")) -> 0 | M2: =SUM(K2:L2) -> 0
A3: HB | B3: E-RAB性能测量数据 | D3: =COUNTIF(HB!$B:$B,"A") -> 8 | E3: =COUNTIF(HB!$B:$B,"B") -> 36 | F3: =COUNTIF(HB!$B:$B,"C") -> 10 | G3: =COUNTIF(HB!$B:$B,"CA") -> 0 | H3: =COUNTIF(HB!$B:$B,"CB") -> 12 | I3: =COUNTIF(HB!$B:$B,"CC") -> 0 | J3: =SUM($D3:$H3) -> 66 | K3: =SUMPRODUCT((HB!$B$2:$B$67="A")*(HB!$M$2:$M$67="是")) -> 6 | L3: =SUMPRODUCT((HB!$B$2:$B$67="B")*(HB!$M$2:$M$67="是")) -> 6 | M3: =SUM(K3:L3) -> 12
A4: HC | B4: 上下文统性能测量数据 | D4: =COUNTIF(HC!$B:$B,"A") -> 5 | E4: =COUNTIF(HC!$B:$B,"B") -> 10 | F4: =COUNTIF(HC!$B:$B,"C") -> 3 | G4: =COUNTIF(HC!$B:$B,"CA") -> 0 | H4: =COUNTIF(HC!$B:$B,"CB") -> 0 | I4: =COUNTIF(HC!$B:$B,"CC") -> 0 | J4: =SUM($D4:$H4) -> 18 | K4: =SUMPRODUCT((HC!$B$2:$B$19="A")*(HC!$M$2:$M$19="是")) -> 2 | L4: =SUMPRODUCT((HC!$B$2:$B$19="B")*(HC!$M$2:$M$19="是")) -> 1 | M4: =SUM(K4:L4) -> 3
A5: HD | B5: 系统内分组域切换性能测量数据 | D5: =COUNTIF(HD!$B:$B,"A") -> 18 | E5: =COUNTIF(HD!$B:$B,"B") -> 28 | F5: =COUNTIF(HD!$B:$B,"C") -> 3 | G5: =COUNTIF(HD!$B:$B,"CA") -> 2 | H5: =COUNTIF(HD!$B:$B,"CB") -> 13 | I5: =COUNTIF(HD!$B:$B,"CC") -> 0 | J5: =SUM($D5:$H5) -> 64 | K5: =SUMPRODUCT((HD!$B$2:$B$65="A")*(HD!$M$2:$M$65="是")) -> 7 | L5: =SUMPRODUCT((HD!$B$2:$B$65="B")*(HD!$M$2:$M$65="是")) -> 11 | M5: =SUM(K5:L5) -> 18
A6: HE | B6: 系统间分组域切换性能测量数据 | D6: =COUNTIF(HE!$B:$B,"A") -> 4 | E6: =COUNTIF(HE!$B:$B,"B") -> 0 | F6: =COUNTIF(HE!$B:$B,"C") -> 20 | G6: =COUNTIF(HE!$B:$B,"CA") -> 0 | H6: =COUNTIF(HE!$B:$B,"CB") -> 0 | I6: =COUNTIF(HE!$B:$B,"CC") -> 11 | J6: =SUM($D6:$H6) -> 24 | K6: =SUMPRODUCT((HE!$B$2:$B$24="A")*(HE!$M$2:$M$24="是")) -> 0 | L6: =SUMPRODUCT((HE!$B$2:$B$24="B")*(HE!$M$2:$M$24="是")) -> 0 | M6: =SUM(K6:L6) -> 0
A7: HF | B7: 基于EutranRelation的切换测量数据 | D7: =COUNTIF(HF!$B:$B,"A") -> 0 | E7: =COUNTIF(HF!$B:$B,"B") -> 11 | F7: =COUNTIF(HF!$B:$B,"C") -> 4 | G7: =COUNTIF(HF!$B:$B,"CA") -> 0 | H7: =COUNTIF(HF!$B:$B,"CB") -> 0 | I7: =COUNTIF(HF!$B:$B,"CC") -> 0 | J7: =SUM($D7:$H7) -> 15 | K7: =SUMPRODUCT((HF!$B$2:$B$16="A")*(HF!$M$2:$M$16="是")) -> 0 | L7: =SUMPRODUCT((HF!$B$2:$B$16="B")*(HF!$M$2:$M$16="是")) -> 2 | M7: =SUM(K7:L7) -> 2
A8: HG | B8: 小区寻呼性能测量数据 | D8: =COUNTIF(HG!$B:$B,"A") -> 1 | E8: =COUNTIF(HG!$B:$B,"B") -> 0 | F8: =COUNTIF(HG!$B:$B,"C") -> 0 | G8: =COUNTIF(HG!$B:$B,"CA") -> 1 | H8: =COUNTIF(HG!$B:$B,"CB") -> 0 | I8: =COUNTIF(HG!$B:$B,"CC") -> 0 | J8: =SUM($D8:$H8) -> 2 | K8: =SUMPRODUCT((HG!$B$2:$B$3="A")*(HG!$M$2:$M$3="是")) -> 0 | L8: =SUMPRODUCT((HG!$B$2:$B$3="B")*(HG!$M$2:$M$3="是")) -> 0 | M8: =SUM(K8:L8) -> 0
A9: HH | B9: 小区无线承载相关测量数据 | D9: =COUNTIF(HH!$B:$B,"A") -> 5 | E9: =COUNTIF(HH!$B:$B,"B") -> 19 | F9: =COUNTIF(HH!$B:$B,"C") -> 2 | G9: =COUNTIF(HH!$B:$B,"CA") -> 6 | H9: =COUNTIF(HH!$B:$B,"CB") -> 2 | I9: =COUNTIF(HH!$B:$B,"CC") -> 0 | J9: =SUM($D9:$H9) -> 34 | K9: =SUMPRODUCT((HH!$B$2:$B$35="A")*(HH!$M$2:$M$35="是")) -> 0 | L9: =SUMPRODUCT((HH!$B$2:$B$35="B")*(HH!$M$2:$M$35="是")) -> 0 | M9: =SUM(K9:L9) -> 0
A10: HI | B10: 无线资源利用率相关测量数据 | D10: =COUNTIF(HI!$B:$B,"A") -> 11 | E10: =COUNTIF(HI!$B:$B,"B") -> 24 | F10: =COUNTIF(HI!$B:$B,"C") -> 16 | G10: =COUNTIF(HI!$B:$B,"CA") -> 2 | H10: =COUNTIF(HI!$B:$B,"CB") -> 2 | I10: =COUNTIF(HI!$B:$B,"CC") -> 0 | J10: =SUM($D10:$H10) -> 55 | K10: =SUMPRODUCT((HI!$B$2:$B$46="A")*(HI!$M$2:$M$46="是")) -> 0 | L10: =SUMPRODUCT((HI!$B$2:$B$46="B")*(HI!$M$2:$M$46="是")) -> 0 | M10: =SUM(K10:L10) -> 0
A11: HJ | B11: SCTP偶联性能测量数据 | D11: =COUNTIF(HJ!$B:$B,"A") -> 0 | E11: =COUNTIF(HJ!$B:$B,"B") -> 3 | F11: =COUNTIF(HJ!$B:$B,"C") -> 0 | G11: =COUNTIF(HJ!$B:$B,"CA") -> 0 | H11: =COUNTIF(HJ!$B:$B,"CB") -> 4 | I11: =COUNTIF(HJ!$B:$B,"CC") -> 0 | J11: =SUM($D11:$H11) -> 7 | K11: =SUMPRODUCT((HJ!$B$2:$B$8="A")*(HJ!$M$2:$M$8="是")) -> 0 | L11: =SUMPRODUCT((HJ!$B$2:$B$8="B")*(HJ!$M$2:$M$8="是")) -> 2 | M11: =SUM(K11:L11) -> 2
A12: HK | B12: 以太网端口性能测量数据 | D12: =COUNTIF(HK!$B:$B,"A") -> 0 | E12: =COUNTIF(HK!$B:$B,"B") -> 2 | F12: =COUNTIF(HK!$B:$B,"C") -> 0 | G12: =COUNTIF(HK!$B:$B,"CA") -> 0 | H12: =COUNTIF(HK!$B:$B,"CB") -> 0 | I12: =COUNTIF(HK!$B:$B,"CC") -> 0 | J12: =SUM($D12:$H12) -> 2 | K12: =SUMPRODUCT((HK!$B$2:$B$3="A")*(HK!$M$2:$M$3="是")) -> 0 | L12: =SUMPRODUCT((HK!$B$2:$B$3="B")*(HK!$M$2:$M$3="是")) -> 0 | M12: =SUM(K12:L12) -> 0
A13: HL | B13: S1接口流量测量数据 | D13: =COUNTIF(HL!$B:$B,"A") -> 0 | E13: =COUNTIF(HL!$B:$B,"B") -> 2 | F13: =COUNTIF(HL!$B:$B,"C") -> 0 | G13: =COUNTIF(HL!$B:$B,"CA") -> 0 | H13: =COUNTIF(HL!$B:$B,"CB") -> 4 | I13: =COUNTIF(HL!$B:$B,"CC") -> 0 | J13: =SUM($D13:$H13) -> 6 | K13: =SUMPRODUCT((HL!$B$2:$B$7="A")*(HL!$M$2:$M$7="是")) -> 0 | L13: =SUMPRODUCT((HL!$B$2:$B$7="B")*(HL!$M$2:$M$7="是")) -> 0 | M13: =SUM(K13:L13) -> 0
A14: HM | B14: MAC层性能测量数据 | D14: =COUNTIF(HM!$B:$B,"A") -> 0 | E14: =COUNTIF(HM!$B:$B,"B") -> 59 | F14: =COUNTIF(HM!$B:$B,"C") -> 0 | G14: =COUNTIF(HM!$B:$B,"CA") -> 0 | H14: =COUNTIF(HM!$B:$B,"CB") -> 21 | I14: =COUNTIF(HM!$B:$B,"CC") -> 0 | J14: =SUM($D14:$H14) -> 80 | K14: =SUMPRODUCT((HM!$B$2:$B$75="A")*(HM!$M$2:$M$75="是")) -> 0 | L14: =SUMPRODUCT((HM!$B$2:$B$75="B")*(HM!$M$2:$M$75="是")) -> 0 | M14: =SUM(K14:L14) -> 0
A15: HN | B15: 小区无线信道统计数据 | D15: =COUNTIF(HN!$B:$B,"A") -> 1 | E15: =COUNTIF(HN!$B:$B,"B") -> 18 | F15: =COUNTIF(HN!$B:$B,"C") -> 0 | G15: =COUNTIF(HN!$B:$B,"CA") -> 0 | H15: =COUNTIF(HN!$B:$B,"CB") -> 0 | I15: =COUNTIF(HN!$B:$B,"CC") -> 0 | J15: =SUM($D15:$H15) -> 19 | K15: =SUMPRODUCT((HN!$B$2:$B$19="A")*(HN!$M$2:$M$19="是")) -> 0 | L15: =SUMPRODUCT((HN!$B$2:$B$19="B")*(HN!$M$2:$M$19="是")) -> 0 | M15: =SUM(K15:L15) -> 0
A16: HO | B16: ENB硬件处理负荷测量 | D16: =COUNTIF(HO!$B:$B,"A") -> 0 | E16: =COUNTIF(HO!$B:$B,"B") -> 2 | F16: =COUNTIF(HO!$B:$B,"C") -> 0 | G16: =COUNTIF(HO!$B:$B,"CA") -> 0 | H16: =COUNTIF(HO!$B:$B,"CB") -> 0 | I16: =COUNTIF(HO!$B:$B,"CC") -> 0 | J16: =SUM($D16:$H16) -> 2 | K16: =SUMPRODUCT((HO!$B$2:$B$3="A")*(HO!$M$2:$M$3="是")) -> 0 | L16: =SUMPRODUCT((HO!$B$2:$B$3="B")*(HO!$M$2:$M$3="是")) -> 0 | M16: =SUM(K16:L16) -> 0
A17: HP | B17: 小区发射功率测量 | D17: =COUNTIF(HP!$B:$B,"A") -> 0 | E17: =COUNTIF(HP!$B:$B,"B") -> 2 | F17: =COUNTIF(HP!$B:$B,"C") -> 0 | G17: =COUNTIF(HP!$B:$B,"CA") -> 0 | H17: =COUNTIF(HP!$B:$B,"CB") -> 0 | I17: =COUNTIF(HP!$B:$B,"CC") -> 0 | J17: =SUM($D17:$H17) -> 2 | K17: =SUMPRODUCT((HP!$B$2:$B$3="A")*(HP!$M$2:$M$3="是")) -> 0 | L17: =SUMPRODUCT((HP!$B$2:$B$3="B")*(HP!$M$2:$M$3="是")) -> 0 | M17: =SUM(K17:L17) -> 0
A18: HQ | B18: RRU发射功率测量 | D18: =COUNTIF(HQ!$B:$B,"A") -> 0 | E18: =COUNTIF(HQ!$B:$B,"B") -> 2 | F18: =COUNTIF(HQ!$B:$B,"C") -> 0 | G18: =COUNTIF(HQ!$B:$B,"CA") -> 0 | H18: =COUNTIF(HQ!$B:$B,"CB") -> 0 | I18: =COUNTIF(HQ!$B:$B,"CC") -> 0 | J18: =SUM($D18:$H18) -> 2 | K18: =SUMPRODUCT((HQ!$B$2:$B$3="A")*(HQ!$M$2:$M$3="是")) -> 0 | L18: =SUMPRODUCT((HQ!$B$2:$B$3="B")*(HQ!$M$2:$M$3="是")) -> 0 | M18: =SUM(K18:L18) -> 0
A19: HR | B19: 基于GSMRelation的切换测量数据 | D19: =COUNTIF(HR!$B:$B,"A") -> 0 | E19: =COUNTIF(HR!$B:$B,"B") -> 0 | F19: =COUNTIF(HR!$B:$B,"C") -> 0 | G19: =COUNTIF(HR!$B:$B,"CA") -> 0 | H19: =COUNTIF(HR!$B:$B,"CB") -> 3 | I19: =COUNTIF(HR!$B:$B,"CC") -> 0 | J19: =SUM($D19:$H19) -> 3 | K19: =SUMPRODUCT((HR!$B$2:$B$4="A")*(HR!$M$2:$M$4="是")) -> 0 | L19: =SUMPRODUCT((HR!$B$2:$B$4="B")*(HR!$M$2:$M$4="是")) -> 0 | M19: =SUM(K19:L19) -> 0
A20: HS | B20: S1接口信令测量 | D20: =COUNTIF(HS!$B:$B,"A") -> 0 | E20: =COUNTIF(HS!$B:$B,"B") -> 2 | F20: =COUNTIF(HS!$B:$B,"C") -> 0 | G20: =COUNTIF(HS!$B:$B,"CA") -> 0 | H20: =COUNTIF(HS!$B:$B,"CB") -> 0 | I20: =COUNTIF(HS!$B:$B,"CC") -> 0 | J20: =SUM($D20:$H20) -> 2 | K20: =SUMPRODUCT((HS!$B$2:$B$3="A")*(HS!$M$2:$M$3="是")) -> 0 | L20: =SUMPRODUCT((HS!$B$2:$B$3="B")*(HS!$M$2:$M$3="是")) -> 0 | M20: =SUM(K20:L20) -> 0
A21: HT | B21: 子小区测量 | D21: =COUNTIF(HT!$B:$B,"A") -> 0 | E21: =COUNTIF(HT!$B:$B,"B") -> 0 | F21: =COUNTIF(HT!$B:$B,"C") -> 0 | G21: =COUNTIF(HT!$B:$B,"CA") -> 0 | H21: =COUNTIF(HT!$B:$B,"CB") -> 4 | I21: =COUNTIF(HT!$B:$B,"CC") -> 1 | J21: =SUM($D21:$H21) -> 4 | K21: =SUMPRODUCT((HT!$B$2:$B$3="A")*(HT!$M$2:$M$3="是")) -> 0 | L21: =SUMPRODUCT((HT!$B$2:$B$3="B")*(HT!$M$2:$M$3="是")) -> 0 | M21: =SUM(K21:L21) -> 0
A22: HU | B22: 能耗相关测量 | D22: =COUNTIF(HT!$B:$B,"A") -> 0 | E22: =COUNTIF(HU!$B:$B,"B") -> 1 | F22: =COUNTIF(HU!$B:$B,"C") -> 0 | G22: =COUNTIF(HT!$B:$B,"CA") -> 0 | H22: =COUNTIF(HU!$B:$B,"CB") -> 10 | I22: =COUNTIF(HU!$B:$B,"CC") -> 0 | J22: =SUM($D22:$H22) -> 11 | K22: =SUMPRODUCT((HT!$B$2:$B$3="A")*(HT!$M$2:$M$3="是")) -> 0 | L22: =SUMPRODUCT((HT!$B$2:$B$3="B")*(HT!$M$2:$M$3="是")) -> 0 | M22: =SUM(K22:L22) -> 0
A23: HV | B23: 区分PLMN网络共享测量数据 | D23: =COUNTIF(HV!$B:$B,"A") -> 0 | E23: =COUNTIF(HV!$B:$B,"B") -> 0 | F23: =COUNTIF(HV!$B:$B,"C") -> 0 | G23: =COUNTIF(HV!$B:$B,"CA") -> 0 | H23: =COUNTIF(HV!$B:$B,"CB") -> 37 | I23: =COUNTIF(HV!$B:$B,"CC") -> 0 | J23: =SUM($D23:$H23) -> 37 | K23: =SUMPRODUCT((HT!$B$2:$B$3="A")*(HT!$M$2:$M$3="是")) -> 0 | L23: =SUMPRODUCT((HT!$B$2:$B$3="B")*(HT!$M$2:$M$3="是")) -> 0 | M23: =SUM(K23:L23) -> 0
A24: 合计 | D24: =SUM(D2:D23) -> 56 | E24: =SUM(E2:E23) -> 235 | F24: =SUM(F2:F23) -> 63 | G24: =SUM(G2:G23) -> 17 | H24: =SUM(H2:H23) -> 126 | I24: =SUM(I2:I23) -> 12 | J24: =SUM(J2:J23) -> 497 | K24: =SUM(K2:K23) -> 15 | ... M24: =SUM(M2:M23) -> 37
A27: 测量族 | B27: 测量族说明
A28: RRC | B28: RRC连接相关性能测量
A29: ERAB | B29: E-RAB相关性能测量
A30: CONTEXT | B30: UE Context相关性能测量
A31: HO | B31: 系统内切换相关性能测量
A32: IRATHO | B32: 系统间切换相关性能测量
A33: PAG | B33: 小区寻呼相关性能测量
A34: PDCP | B34: PDCP层相关性能测量
A35: RRU | B35: 无线资源利用率相关性能测量
A36: SIG | B36: 通用信令性能测量
A37: EQPT | B37: 网元物理资源性能测量
A38: S1 | B38: S1接口性能测量
... A42: EE | B42: 能耗相关统计
A44: 注1：伪测量的命名规则为： 1）._Qci对应子测量项，命名为“1"～"9"数字，并可递加扩展，如ENBHB01"每QCI平均E-RAB数"子项的名称为ERAB.NbrMeanEstab.1～ERAB.NbrMeanEstab.9； 对于备注增加了“支持扩展QCI”的测量项：允许各省在QCI10～256选定其中5个进行统计。对于该测量，不区分QCI时统计的是所有QCI统计结果的总和（即：包含QCI1~QCI9与扩展QCI的总和）。 2）._Cause对应子测量项，命名为以“Cause”开头，接仅由大小写字母、数字和“_”组成的字符串(例如为3GPP或厂家私有原因英文字符串缩写),不能包含空格； 3）._PRB对应子测量项，命名为英文字母或数字开头的字符串（仅由大小写字母、数字和“_”组成）。 4）._Stream对应子测量项，命名为英文字母或数字开头的字符串（仅由大小写字母、数字和“_”组成）。 5）._Mcs对应MCS 0-28阶，命名为“0"～"28"数字，如ENBHI40、ENBHI41 6）._PeriodSrs对应SRS周期，命名为{2, 5, 10, 20, 40, 80, 160, 320}数字，如ENBHI42、ENBHI43
A45: 注2：PM的空间粒度里写了TDD/FDD的，则均需要上报，HM14～21写了只针对TDD，则FDD无需上报

Sheet 数据上报的统一要求
A1: 序号 | B1: 数据上报的统一要求
A2: 1 | B2: 本规范中测量项日期格式均应遵照YYYY-MM-DD。
A3: 2 | B3: 本规范中字符串列表的多个数据应以英文逗号“,”分隔。
A4: 3 | B4: 本规范中列表使用的分隔符应为英文半角。
A5: 4 | B5: 本规范中要求的所有counter均需要在北向文件中上报，对于特殊情况实现方式约束如下： 1、厂家不支持上报NS。 2、厂家支持，功能未生效（包括特性未开启或功能不具备外部条件）或功能生效但无业务发生场景上报要求如下： 1）平均时延类和干扰类指标上报“-”(英文减号)。 2）其他场景上报0值。 3、现网当前和以后都无应用场景的counter上报NA。
A6: 5 | B6: 基站断链场景，不上报实例。
A7: 6 | B7: 没有开通网络共享（MOCN）的小区，不用上报区分PLMN的指标。
A8: 7 | B8: NSA,NB-IOT 不再单独维护，NSA,NB-IOT等规范内容无修订场景下，版本号和涉及到共性公共bug修改的固化到停止维护前的最后一版版本即可，不再发布更新规范。

Sheet HA
A1: 统计编码 | B1: 重要度 | C1: 英文名称 | D1: 中文名称 | E1: 定义 | F1: 触发点 | G1: 采集方式 | H1: 数据类型 | I1: 单位 | J1: 空间粒度 | K1: 时间粒度 | L1: 上报周期 | M1: 测试要求 | N1: 备注
A2: ENBHA01 | B2: B | C2: RRC.SetupTimeMean | D2: RRC连接平均建立时长 | E2: 统计RRC连接平均建立时长。 | F2: 在预先设定测量周期内，统计每一个成功建立的RRC连接的时长并将其累加，即从eNB收到“RRC CONNECTION REQUEST”消息到 eNB收到“CONNECTION SETUP COMPLETE”消息之间的间隔时长。用得到该统计周期内的总时长除以该周期内成功建立的RRC连接个数，则得到每个RRC连接的平均建立时长。 | G2: DER(n=1) | H2: 整数 | I2: ms | J2: EutranCellTdd EutranCellFdd | K2: 15分钟 | L2: 15分钟 | M2: 否 | N2: 无RRC连接建立时此值报“-”（英文减号）
A3: ENBHA02 | B3: B | C3: RRC.SetupTimeMax | D3: RRC连接最大建立时长 | E3: 统计RRC连接最大建立时长。 | F3: 在预先设定测量周期内，统计每一个成功建立的RRC连接的时长，即从eNB收到“RRC CONNECTION REQUEST”消息到 eNB收到“CONNECTION SETUP COMPLETE”消息之间的间隔时长。取该统计周期内的RRC连接时长的最大值，则得到每个RRC连接的最大建立时长。 | G3: DER(n=1) | H3: 整数 | I3: ms | J3: EutranCellTdd EutranCellFdd | K3: 15分钟 | L3: 15分钟 | M3: 否
A4: ENBHA03 | B4: B | C4: RRC.ConnMean | D4: RRC连接平均数 | E4: 统计同时存在的RRC连接平均数量。 | F4: 以1秒为间隔采样，统计小区内同时存在的RRC连接数量，然后对采样点取平均值。 | G4: SI | H4: 实数 | I4: 个 | J4: EutranCellTdd EutranCellFdd | K4: 15分钟 | L4: 15分钟 | M4: 否
A5: ENBHA03 | B5: CB | C5: RRC.ConnMean.eMTC | D5: eMTC终端RRC连接平均数 | E5: 统计同时存在的RRC连接平均数量。 | F5: 以1秒为间隔采样，统计小区内同时存在的RRC连接数量，然后对采样点取平均值。 | G5: SI | H5: 实数 | I5: 个 | J5: EutranCellTdd EutranCellFdd | K5: 15分钟 | L5: 15分钟 | M5: 否 | N5: CB条件：eMTC功能开启时，针对eMTC终端的统计
A6: ENBHA04 | B6: B | C6: RRC.ConnMax | D6: RRC连接最大数 | E6: 统计同时存在的RRC连接最大数量。 | F6: 以1秒为间隔采样，统计小区内同时存在的RRC连接数量，然后对采样点取最大值。 | G6: SI | H6: 整数 | I6: 个 | J6: EutranCellTdd EutranCellFdd | K6: 15分钟 | L6: 15分钟 | M6: 否
B7: CB | C7: RRC.ConnMax.eMTC | D7: eMTC终端RRC连接最大数 | N7: CB条件：eMTC功能开启时，针对eMTC终端的统计
A8: ENBHA04 | B8: CB | C8: RRC.ConnMax.NoneMTC | D8: 非eMTC终端RRC连接最大数 | E8: 统计同时存在的RRC连接最大数量。 | F8: 以1秒为间隔采样，统计小区内同时存在的RRC连接数量，然后对采样点取最大值。 | G8: SI | H8: 整数 | I8: 个 | J8: EutranCellTdd EutranCellFdd | K8: 15分钟 | L8: 15分钟 | M8: 否
A9: ENBHA05 | B9: A | C9: RRC.AttConnEstab | D9: RRC连接建立请求次数 | E9: 统计RRC连接建立请求的次数（含重发），并区分建立原因分别统计。 含重发是指RRC 层检测成功一次就累加一次。 | F9: eNB接收到UE发送的“RRC连接请求”（RRCConnectionRequest）消息，每个EstablishmentCause对应一个子测量项。（3GPP TS 36.331） | G9: CC | H9: 整数 | I9: 次 | J9: EutranCellTdd EutranCellFdd | K9: 15分钟 | L9: 15分钟 | M9: 否
B10: CB | C10: RRC.AttConnEstab.eMTC | D10: eMTC终端RRC连接建立请求次数 | N10: CB条件：eMTC功能开启时，针对eMTC终端的统计
B11: C | C11: RRC.AttConnEstab._Cause | D11: 分原因的RRC连接建立请求次数 | E11: 统计RRC连接建立请求的次数。 | G11: CC | H11: 整数 | I11: 次 | J11: EutranCellTdd | K11: 15分钟 | L11: 15分钟
A12: ENBHA06 | B12: A | C12: RRC.SuccConnEstab | D12: RRC连接建立成功次数 | E12: 统计RRC连接建立成功的次数，并区分建立原因分别统计。 | F12: eNB接收到UE发送的“RRC连接建立完成”（RRCConnectionSetupComplete）消息，每个EstablishmentCause对应一个子测量项。（3GPP TS 36.331） | G12: CC | H12: 整数 | I12: 次 | J12: EutranCellTdd EutranCellFdd | K12: 15分钟 | L12: 15分钟 | M12: 否
B13: CB | C13: RRC.SuccConnEstab.eMTC | D13: eMTC终端RRC连接建立成功次数 | N13: CB条件：eMTC功能开启时，针对eMTC终端的统计
B14: C | C14: RRC.SuccConnEstab._Cause | D14: 分原因的RRC连接建立成功次数 | G14: CC | H14: 整数 | I14: 次 | J14: EutranCellTdd | K14: 15分钟 | L14: 15分钟
A15: ENBHA07 | B15: B | C15: RRC.AttConnReestab | D15: RRC连接重建请求次数 | E15: 统计RRC连接重建请求次数（不计重发）,并区分重建原因分别统计。 | F15: eNB接收到UE发来的“RRC连接重建请求”（RRCConnectionReestablishmentRequest）消息，每个ReestablishmentCause对应一个子测量项。（3GPP TS 36.331） | G15: CC | H15: 整数 | I15: 次 | J15: EutranCellTdd EutranCellFdd | K15: 15分钟 | L15: 15分钟 | M15: 否
B16: CB | C16: RRC.AttConnReestab.eMTC | D16: eMTC终端RRC连接重建请求次数 | N16: CB条件：eMTC功能开启时，针对eMTC终端的统计
B17: C | C17: RRC.AttConnReestab._Cause | D17: 分原因的RRC连接重建请求次数
A18: ENBHA08 | B18: B | C18: RRC.SuccConnReestab | D18: RRC连接重建成功次数 | E18: 统计RRC连接重建成功的次数,并区分重建原因分别统计。 | F18: eNB接收到UE发来的“RRC连接重建完成”（RRCConnectionReestablishmentComplete）消息。（3GPP TS 36.331） | G18: CC | H18: 整数 | I18: 次 | J18: EutranCellTdd EutranCellFdd | K18: 15分钟 | L18: 15分钟 | M18: 否
B19: CB | C19: RRC.SuccConnReestab.eMTC | D19: eMTC终端RRC连接重建成功次数 | N19: CB条件：eMTC功能开启时，针对eMTC终端的统计
B20: B | C20: RRC.SuccConnReestab.NonSrccell | D20: RRC连接重建成功次数(非源侧小区)
B21: C | C21: RRC.SuccConnReestab._Cause | D21: 分原因的RRC连接重建成功次数
A22: ENBHA09 | B22: B | C22: RRC.ConnReleaseCsfb | D22: CSFB触发的RRC连接释放次数 | E22: 统计CSFB触发的RRC连接释放次数 | F22: eNB接收到MME发送的“初始上下文建立请求”（INITIAL CONTEXT SETUP REQUEST）消息或者“UE上下文修改请求”（UE CONTEXT MODIFICATION REQUEST）消息中携带CS Fallback Indicator，随后eNB向UE发送的RRCConnectionRelease消息中ReleaseCause=cs-FallbackHighPriority或ReleaseCause=other。(3GPP TS 36.331) | G22: CC | H22: 整数 | I22: 次 | J22: EutranCellTdd EutranCellFdd | K22: 15分钟 | L22: 15分钟 | M22: 否
B23: B | C23: RRC.ConnRelease.RedirectTo2G | D23: 重定向到2G的RRC连接释放次数 | E23: 统计LTE重定向2G的RRC连接释放次数 | F23: eNB向UE发送RRCConnectionRelease消息，RedirectedCarrierInfo=geran (3GPP TS 36.331) | G23: CC | H23: 整数 | I23: 次 | J23: EutranCellTdd EutranCellFdd | K23: 15分钟 | L23: 15分钟 | M23: 否
B24: CB | C24: RRC.ConnRelease.RedirectTo3G | D24: 重定向到3G的RRC连接释放次数 | E24: 统计LTE重定向3G的RRC连接释放次数 | F24: eNB发送RRCConnectionRelease消息，RedirectedCarrierInfo=utra-TDD或utra-FDD (3GPP TS 36.331) | G24: CC | H24: 整数 | I24: 次 | J24: EutranCellTdd EutranCellFdd | K24: 15分钟 | L24: 15分钟 | M24: 否 | N24: CB条件：存在3G场景时
B25: B | C25: RRC.ConnRelease.RedirectTo5G | D25: 重定向到5G的RRC连接释放次数 | E25: 统计LTE重定向5G的RRC连接释放次数 | F25: eNB发送RRCConnectionRelease消息，RedirectedCarrierInfo= nr-r15(3GPP TS 36.331) | G25: CC | H25: 整数 | I25: 次 | J25: EutranCellTdd EutranCellFdd | K25: 15分钟 | L25: 15分钟 | M25: 否 | N25: RedirectedCarrierInfo的取值中utra-TDD含其后续版本
A26: ENBHA10 | B26: B | C26: RRC.EffectiveConnMean | D26: 有效RRC连接平均数 | E26: 有数据传输的RRC连接平均数。以100ms为周期，记录有效RRC连接数，并取各个周期的平均值。在每100ms之内，若某RRC相关的任意一个E-RAB有用户面数据传输或缓存不为空，则视该RRC连接是有效的。在每100ms内，逐毫秒累加计数，但不重复累加同一有效RRC连接数。 | F26: 无 | G26: SI | H26: 实数 | I26: 次 | J26: EutranCellTdd EutranCellFdd | K26: 15分钟 | L26: 15分钟 | M26: 否
A27: ENBHA11 | B27: B | C27: RRC.EffectiveConnMax | D27: 有效RRC连接最大数 | E27: 有数据传输的RRC连接最大数。以100ms为周期，记录有效RRC连接数，并取各个周期的最大值。在每100ms之内，若某RRC相关的任意一个E-RAB有用户面数据传输或缓存不为空，则视该RRC连接是有效的。在每100ms内，逐毫秒累加计数，但不重复累加同一有效RRC连接数。 | F27: 无 | G27: SI | H27: 整数 | I27: 次 | J27: EutranCellTdd EutranCellFdd | K27: 15分钟 | L27: 15分钟 | M27: 否
A28: ENBHA12 | B28: CA | C28: RRC.ActiveMeanNbrPCellDl | D28: 以本小区为PCell的下行CA平均激活UE数 | E28: 在小区范围内，定期采样所有UE（已连接），统计得到此时将本小区做为Pcell的下行CA激活UE数，采样周期不超过1秒，在统计周期末求平均。 单独统计2CC和3CC的CA平均激活UE数。 | F28: 无 | G28: SI | H28: 实数 | I28: 个 | J28: EutranCellTdd EutranCellFdd | K28: 15分钟 | L28: 15分钟 | M28: 否 | N28: CA条件：开启载波聚合功能时，进行相关统计
B29: CA | C29: RRC.ActiveMeanNbrPCellDl.2CC | D29: 以本小区为PCell的下行2CC的CA平均激活UE数 | F29: 无 | G29: SI | H29: 实数 | I29: 个 | J29: EutranCellTdd EutranCellFdd | K29: 15分钟 | L29: 15分钟 | M29: 否
B30: CB | C30: RRC.ActiveMeanNbrPCellDl.3CC | D30: 以本小区为PCell的下行3CC的CA平均激活UE数 | F30: 无 | G30: SI | H30: 实数 | I30: 个 | J30: EutranCellTdd EutranCellFdd | K30: 15分钟 | L30: 15分钟 | M30: 否 | N30: CB条件：开启载波聚合功能且打开3CC功能时进行统计
A31: ENBHA13 | B31: CB | C31: RRC.MeanNbrCoMPUl | D31: 进入上行CoMP状态平均UE数 | E31: 定期采样所有UE，统计小区内进入上行CoMP状态（指符合CoMP门限阈值要求）的UE数，采样周期不超过1秒，在统计周期末求平均。 | F31: 无 | G31: SI | H31: 实数 | I31: 个 | J31: EutranCellTdd EutranCellFdd | K31: 15分钟 | L31: 15分钟 | M31: 否 | N31: CB条件：开启CoMP功能时，进行相关统计
A32: ENBHA14 | B32: B | C32: RRC.AdmissionConnMean | D32: 接纳用户平均数 | E32: 统计接纳的同时存在的连接用户平均数量。 | F32: 此测量参数通过预先设定测量时间间隔采样，得到给定小区同时存在接纳连接用户数量，包括本小区RRC连接用户数和CA场景下本小区作为SCell接入（配置或激活）的用户数，对所有采样点取平均值。 | G32: SI | H32: 实数 | I32: 个 | J32: EutranCellTdd EutranCellFdd | K32: 15分钟 | L32: 15分钟 | M32: 否
A33: ENBHA15 | B33: B | C33: RRC.AdmissionConnMax | D33: 接纳用户最大数 | E33: 统计接纳的同时存在的连接用户最大数量。 | F33: 此测量参数通过预先设定测量时间间隔采样，得到给定小区同时存在接纳连接用户数量，包括本小区RRC连接用户数和CA场景下本小区作为SCell接入（配置或激活）的用户数，对所有采样点取最大值。 | G33: SI | H33: 整数 | I33: 个 | J33: EutranCellTdd EutranCellFdd | K33: 15分钟 | L33: 15分钟 | M33: 否
A34: ENBHA16 | B34: CB | C34: RRC.MeanNbrCoMPDl | D34: 进入下行CoMP状态平均UE数 | E34: 定期采样所有UE，统计小区内进入下行CoMP状态（指符合CoMP门限阈值要求）的UE数，采样周期不超过1秒，在统计周期末求平均。 | F34: 无 | G34: SI | H34: 实数 | I34: 个 | J34: EutranCellTdd EutranCellFdd | K34: 15分钟 | L34: 15分钟 | M34: 否 | N34: CB条件：开启CoMP功能时，进行相关统计
A35: ENBHA17 | B35: A | C35: RRC.FailConnEstab | D35: RRC连接建立不含重发失败次数 | E35: 统计RRC连接建立失败的次数，并区分建立失败原因分别统计。 | F35: eNB向UE发送RRCConnectionRequest消息之后未收到“RRC连接建立完成”（RRCConnectionSetupComplete）消息，或eNB向UE发送RRCConnectionReject消息。针对单UE同一次接入，多个失败计算为1。每个失败原因对应一个子测量项。（3GPP TS 36.331） | G35: CC | H35: 整数 | I35: 次 | J35: EutranCellTdd EutranCellFdd | K35: 15分钟 | L35: 15分钟 | M35: 否
B36: C | C36: RRC.FailConnEstab._Cause | D36: 分原因的RRC连接建立失败次数 | G36: CC | H36: 整数 | I36: 次 | J36: EutranCellTdd EutranCellFdd | K36: 15分钟 | L36: 15分钟 | M36: 否
A37: ENBHA18 | B37: CA | C37: RRC.ActiveMeanNbrPCellUl | D37: 以本小区为PCell的上行CA平均激活UE数 | E37: 在小区范围内，定期采样所有UE（已连接），统计得到此时将本小区做为Pcell的上行CA激活UE数，采样周期不超过1秒，在统计周期末求平均。 | F37: 无 | G37: SI | H37: 实数 | I37: 个 | J37: EutranCellTdd EutranCellFdd | K37: 15分钟 | L37: 15分钟 | M37: 否 | N37: CA条件：开启载波聚合功能时，进行相关统计
A38: ENBHA19 | B38: CA | C38: RRC.ConfigMeanNbrPCellDl | D38: 以本小区为PCell的下行CA平均配置UE数 | E38: 在小区范围内，定期采样所有UE（已连接），统计得到此时将本小区做为Pcell的下行CA配置UE数，采样周期不超过1秒，在统计周期末求平均。 单独统计2CC和3CC的CA平均配置UE数。 | F38: 无 | G38: SI | H38: 实数 | I38: 个 | J38: EutranCellTdd EutranCellFdd | K38: 15分钟 | L38: 15分钟 | M38: 否 | N38: CA条件：开启载波聚合功能时，进行相关统计
B39: CA | C39: RRC.ConfigMeanNbrPCellDl.2CC | D39: 以本小区为PCell的下行2CC的CA平均配置UE数 | E39: 在小区范围内，定期采样所有UE（已连接），统计得到此时将本小区做为Pcell的下行CA激活UE数，采样周期不超过1秒，在统计周期末求平均。 | F39: 无 | G39: SI | H39: 实数 | I39: 个 | J39: EutranCellTdd EutranCellFdd | K39: 15分钟 | L39: 15分钟 | M39: 否
B40: CB | C40: RRC.ConfigMeanNbrPCellDl.3CC | D40: 以本小区为PCell的下行3CC的CA平均配置UE数 | E40: 在小区范围内，定期采样所有UE（已连接），统计得到此时将本小区做为Pcell的下行CA激活UE数，采样周期不超过1秒，在统计周期末求平均。 | F40: 无 | G40: SI | H40: 实数 | I40: 个 | J40: EutranCellTdd EutranCellFdd | K40: 15分钟 | L40: 15分钟 | M40: 否 | N40: CB条件：开启载波聚合功能且打开3CC功能时进行统计
A41: ENBHA20 | B41: CA | C41: RRC.ConfigMeanNbrPCellUl | D41: 以本小区为PCell的上行CA平均配置UE数 | E41: 在小区范围内，定期采样所有UE（已连接），统计得到此时将本小区做为Pcell的上行CA配置UE数，采样周期不超过1秒，在统计周期末求平均。 | F41: 无 | G41: SI | H41: 实数 | I41: 个 | J41: EutranCellTdd EutranCellFdd | K41: 15分钟 | L41: 15分钟 | M41: 否 | N41: CA条件：开启载波聚合功能时，进行相关统计
A42: ENBHA21 | B42: CB | C42: RRC.ConnMean.NR | D42: NR终端RRC连接平均数 | E42: 统计同时存在的NR终端（包含SA和NSA）RRC连接平均数量。 | F42: 以1秒为间隔采样，统计小区内同时存在的NR终端RRC连接数量，然后对采样点取平均值。 对于NR终端的判断，RRC建立完成后，当ENB收到INITIAL CONTEXT SETUP REQUEST中携带NR信息，ENB便完成NR终端的RRC相关统计和上报，如果此信令中没有携带NR终端的相关信息，等到UECapabilityInformation这条UE能力查询消息携带上来的NR信息进行判断上报。针对NSA终端识别为： RAT-ParametersNR-r15 的IE en-DC-r15为supported。 SA 终端识别为： IRAT-ParametersNR-v1540的IE sa-NR-r15 为supported。 | G42: SI | H42: 实数 | I42: 个 | J42: EutranCellTdd EutranCellFdd | K42: 15分钟 | L42: 15分钟 | M42: 否 | N42: 条件：基站进行NR终端进行能力查询。
A43: ENBHA22 | B43: CB | C43: RRC.ConnMax.NR | D43: NR终端RRC连接最大数 | E43: 统计同时存在的NR终端（包含SA和NSA）RRC连接最大数量。 | F43: 以1秒为间隔采样，统计小区内同时存在的NR终端RRC连接数量，然后对采样点取最大值。 对于NR终端的判断，RRC建立完成后，当ENB收到INITIAL CONTEXT SETUP REQUEST中携带NR信息，ENB便完成NR终端的RRC相关统计和上报，如果此信令中没有携带NR终端的相关信息，等到UECapabilityInformation这条UE能力查询消息携带上来的NR信息进行判断上报。针对NSA终端识别为： RAT-ParametersNR-r15 的IE en-DC-r15为supported。 SA 终端识别为： IRAT-ParametersNR-v1540的IE sa-NR-r15 为supported。 | G43: SI | H43: 整数 | I43: 个 | J43: EutranCellTdd EutranCellFdd | K43: 15分钟 | L43: 15分钟 | M43: 否 | N43: 条件：基站进行NR终端进行能力查询。

Sheet HB
A1: 统计编码 | B1: 重要度 | C1: 英文名称 | D1: 中文名称 | E1: 定义 | F1: 触发点 | G1: 采集方式 | H1: 数据类型 | I1: 单位 | J1: 空间粒度 | K1: 时间粒度 | L1: 上报周期 | M1: 测试要求 | N1: 备注
A2: ENBHB01 | B2: B | C2: ERAB.NbrMeanEstab | D2: 平均E-RAB数 | E2: 统计小区内同时存在的E-RAB平均个数。 | F2: 此测量参数通过预先设定测量时间间隔采样（目前固定为1秒间隔），得到给定小区同时存在的E-RAB数量，然后取平均值。 | G2: SI | H2: 实数 | I2: 个 | J2: EutranCellTdd EutranCellFdd | K2: 15分钟 | L2: 15分钟 | M2: 否
B3: CB | C3: ERAB.NbrMeanEstab.eMTC | D3: eMTC终端平均E-RAB数 | N3: CB条件：eMTC功能开启时，针对eMTC终端的统计
B4: B | C4: ERAB.NbrMeanEstab._Qci | D4: 每QCI平均E-RAB数 | N4: 支持扩展QCI
A5: ENBHB02 | B5: B | C5: ERAB.EstabTimeMean | D5: E-RAB平均建立时长 | E5: 统计E-RAB平均建立时长。 | F5: （1）统计从eNB收到MME发送的INITIAL CONTEXT SETUP REQUEST到eNB向MME发送INITIAL CONTEXT SETUP RESPONSE之间的时间间隔，不考虑消息中含有的E-RAB数。 （2）统计从eNB收到MME发送E-RAB Setup Request消息至eNB向MME发送E-RAB Setup Response之间的间隔时长，不考虑消息中含有的E-RAB数。 本测量项为上述两类时间间隔累加后，除以这两类消息数得到的算术平均值。注：只统计成功建立的E-RAB。 | G5: DER(n=1) | H5: 整数 | I5: 毫秒 | J5: EutranCellTdd EutranCellFdd | K5: 15分钟 | L5: 15分钟 | M5: 否 | N5: 无ERAB建立时此值报“-”（英文减号）
A6: ENBHB03 | B6: B | C6: ERAB.EstabTimeMax | D6: E-RAB最大建立时长 | E6: 统计E-RAB最大建立时长。 | F6: （1）统计从eNB收到MME发送的INITIAL CONTEXT SETUP REQUEST到eNB向MME发送INITIAL CONTEXT SETUP RESPONSE之间的时间间隔，不考虑消息中含有的E-RAB数。 （2）统计从eNB收到MME发送E-RAB Setup Request消息至eNB向MME发送E-RAB Setup Response之间的间隔时长，不考虑消息中含有的E-RAB数。 本测量项为上述两类时间隔的最大值。注：只统计成功建立的E-RAB。 | G6: DER(n=1) | H6: 整数 | I6: 毫秒 | J6: EutranCellTdd EutranCellFdd | K6: 15分钟 | L6: 15分钟 | M6: 否
A7: ENBHB04 | B7: B | C7: ERAB.NbrHoInc | D7: 切换入E-RAB数 | E7: 统计小区切换入E-RAB个数。 | F7: eNB收到UE发送的“RRC连接重配置完成”消息 （RRCConnectionReconfigurationComplete），指示UE小区切换入时，统计该RRC连接对应的E-RAB个数，包括系统间的切换。（3GPP TS 23.401，TS 36.331和TS 36.413） | G7: CC | H7: 整数 | I7: 个 | J7: EutranCellTdd EutranCellFdd | K7: 15分钟 | L7: 15分钟 | M7: 否
B8: CB | C8: ERAB.NbrHoInc.eMTC | D8: eMTC终端切换入E-RAB数 | N8: CB条件：eMTC功能开启时，针对eMTC终端的统计
B9: B | C9: ERAB.NbrHoInc._Qci | D9: 每QCI切换入E-RAB数 | N9: 支持扩展QCI
A10: ENBHB05 | B10: A | C10: ERAB.NbrAttEstab | D10: E-RAB建立请求数 | E10: 统计请求建立的E-RAB个数，并该按业务类型分类统计。 | F10: eNB接收到MME发来的“初始上下文建立请求消息”（INITIAL CONTEXT SETUP REQUEST）或 “E-RAB建立请求”（E-RAB SETUP REQUEST）消息，消息中包含的E-RAB个数。每个业务类型对应一个子测量项。（3GPP TS 36.413）。 | G10: CC | H10: 整数 | I10: 个 | J10: EutranCellTdd EutranCellFdd | K10: 15分钟 | L10: 15分钟 | M10: 是
B11: CB | C11: ERAB.NbrAttEstab.eMTC | D11: eMTC终端E-RAB建立请求数 | N11: CB条件：eMTC功能开启时，针对eMTC终端的统计
B12: B | C12: ERAB.NbrAttEstab._Qci | D12: 分QCI的E-RAB建立请求数 | N12: 支持扩展QCI
A13: ENBHB06 | B13: A | C13: ERAB.NbrSuccEstab | D13: E-RAB建立成功数 | E13: 统计E-RAB建立成功个数，并该按业务类型分类统计。 | F13: eNB向MME发送“初始上下文建立响应”（INITIAL CONTEXT SETUP RESPONSE）消息或“E-RAB建立响应”（E-RAB SETUP RESPONSE）消息中，成功建立的E-RAB个数；并包括不直接造成通话失败的流程冲突导致E-RAB建立中断次数。每个业务类型对应一个子测量项。（3GPP TS 36.413） 单独统计流程冲突导致E-RAB建立中断次数，场景为VoLTE业务弱场起呼触发FlashCsfb（bSRVCC规避）导致的E-RAB建立流程中断，或ERAB建立完成前发起切换流程。因为此类流程冲突不会直接造成通话失败，故包含在E-RAB建立成功数中。 | G13: CC | H13: 整数 | I13: 个 | J13: EutranCellTdd EutranCellFdd | K13: 15分钟 | L13: 15分钟 | M13: 是
B14: CB | C14: ERAB.NbrSuccEstab.eMTC | D14: eMTC终端E-RAB建立成功数 | N14: CB条件：eMTC功能开启时，针对eMTC终端的统计
B15: B | C15: ERAB.NbrSuccEstab._Qci | D15: 分QCI的E-RAB建立成功数 | N15: 支持扩展QCI
B16: C | C16: ERAB.NbrSuccEstab._Qci.Conflict | D16: 流程冲突导致E-RAB建立中断次数
A17: ENBHB07 | B17: B | C17: ERAB.NbrFailEstab | D17: E-RAB建立失败数 | E17: 统计E-RAB建立失败个数，并该按失败原因分类统计。 | F17: eNB向MME发送“初始上下文建立响应”（INITIAL CONTEXT SETUP RESPONSE）消息和“初始上下文建立失败”（INITIAL CONTEXT SETUP FAILURE）中建立失败的E-RAB个数，或eNB向MME发送“E-RAB 建立响应”（E-RAB SETUP RESPONSE）消息中建立失败的-RAB个数，每个原因对应一个子测量项。 无线资源不足指准入控制中由于用户数、ERAB数目、PRB资源、SRS数目、PUCCH资源等受限造成的E-RAB建立不成功。 无线接口进程失败指空口信令交互相关定时器超时等造成的E-RAB建立不成功，包括UE无响应等现象。 | G17: CC | H17: 整数 | I17: 个 | J17: EutranCellTdd EutranCellFdd | K17: 15分钟 | L17: 15分钟 | M17: 否 | N17: 1)S1AP消息相关的性能测量中的伪测量._Cause，在实现时建议使用CauseRadioNetwork[N]、CauseTransport[N]、CauseNas[N]、CauseProtocol[N]、CauseMisc[N]的形式，其中，N是一个大于等于0的整数，如CauseRadioNetwork[0]、CauseRadioNetwork[1]、CauseRadioNetwork[2]……，CauseRadioNetwork[N]代表的含义，可参见36.413 的9.3节。 2)CB条件：eMTC功能开启时，针对eMTC终端的统计
B18: CB | C18: ERAB.NbrFailEstab.eMTC | D18: eMTC终端E-RAB建立失败数
B19: B | C19: ERAB.NbrFailEstab.CauseTransport | D19: 传输层原因的E-RAB建立失败数
B20: B | C20: ERAB.NbrFailEstab.CauseRadioResourcesNotAvailable | D20: 无线资源不足原因导致的E-RAB建立失败数
B21: C | C21: ERAB.NbrFailEstab.CauseFailureInRadioInterfaceProcedure | D21: 无线接口进程失败原因导致的E-RAB建立失败数
B22: C | C22: ERAB.NbrFailEstab._Cause | D22: 分原因的E-RAB建立失败数
B23: C | C23: ERAB.NbrFailEstab._Qci._Cause | D23: 分QCI分原因的E-RAB建立失败数
A24: ENBHB08 | B24: B | C24: ERAB.NbrAttMod | D24: E-RAB修改请求数 | E24: 统计E-RAB修改请求的E-RAB个数，应该按业务类型分类统计。 | F24: eNB接收到MME发送的“E-RAB修改请求”（E-RAB MODIFY REQUEST）消息。每个业务类型对应一个子测量项。（3GPP TS 36.413） | G24: CC | H24: 整数 | I24: 个 | J24: EutranCellTdd EutranCellFdd | K24: 15分钟 | L24: 15分钟 | M24: 是
B25: B | C25: ERAB.NbrAttMod._Qci | D25: 分QCI的E-RAB修改请求数
A26: ENBHB09 | B26: B | C26: ERAB.NbrSuccMod | D26: E-RAB修改成功数 | E26: 统计E-RAB修改成功个数，应该按业务类型分类统计。 | F26: eNB向MME发送“E-RAB修改响应”（E-RAB MODIFY RESPONSE）消息。以目标业务类型(QCI)为统计对象，每个业务类型对应一个子测量项。（3GPP TS 36.413） | G26: CC | H26: 整数 | I26: 个 | J26: EutranCellTdd EutranCellFdd | K26: 15分钟 | L26: 15分钟 | M26: 是
B27: B | C27: ERAB.NbrSuccMod._Qci | D27: 分QCI的E-RAB修改成功数
A28: ENBHB10 | B28: B | C28: ERAB.NbrFailMod | D28: E-RAB修改失败数 | E28: 统计E-RAB修改失败个数，应该按失败原因分类统计。 | F28: eNB向MME发送“E-RAB修改响应”（E-RAB MODIFY RESPONSE）消息，指示E-RAB修改失败的个数，每个原因对应一个子测量项。（3GPP TS 36.413） | G28: CC | H28: 整数 | I28: 个 | J28: EutranCellTdd EutranCellFdd | K28: 15分钟 | L28: 15分钟 | M28: 是
B29: C | C29: ERAB.NbrFailMod._Cause | D29: 分原因的E-RAB修改失败数
A30: ENBHB11 | B30: A | C30: ERAB.NbrReqRelEnb | D30: eNB请求释放的E-RAB数 | E30: 统计eNB请求释放的E-RAB个数 | F30: eNB向MME发送“E-RAB释放指示”（E-RAB RELEASE INDICATION）或“UE上下文释放请求(UE CONTEXT RELEASE REQUEST)”消息或S1AP Reset消息，消息中含有要求释放的E-RAB个数，每个原因对应一个子测量项。其中，E-RAB正常释放的原因包括：User Inactivity, CS Fallback triggered, Inter-RAT Redirection、UE Not Available for PS Service、Redirection towards 1xRTT。（3GPP TS 36.413） | G30: CC | H30: 整数 | I30: 个 | J30: EutranCellTdd EutranCellFdd | K30: 15分钟 | L30: 15分钟 | M30: 是
B31: CB | C31: ERAB.NbrReqRelEnb.eMTC | D31: eMTC终端eNB请求释放的E-RAB数 | E31: 统计eMTC终端eNB请求释放的E-RAB数 | N31: CB条件：eMTC功能开启时，针对eMTC终端的统计
B32: A | C32: ERAB.NbrReqRelEnb.CauseUserInactivity | D32: 用户不活动原因eNB请求释放的E-RAB数 | E32: 统计用户不活动原因eNB请求释放的E-RAB个数
B33: C | C33: ERAB.NbrReqRelEnb._Cause | D33: 分原因的eNB请求释放的E-RAB数 | E33: 按释放原因分类统计eNB请求释放的E-RAB个数 | H33: 整数 | K33: 15分钟 | L33: 15分钟
B34: B | C34: ERAB.NbrReqRelEnb._Qci | D34: 分QCI的eNB请求释放的E-RAB数 | E34: 按QCI分类统计eNB请求释放的E-RAB个数 | N34: 支持扩展QCI
B35: B | C35: ERAB.NbrReqRelEnb._Qci._Cause | D35: 分QCI分原因的eNB请求释放的E-RAB数 | E35: 按QCI按释放原因分类统计eNB请求释放的E-RAB个数
B36: A | C36: ERAB.NbrReqRelEnb.Normal | D36: 正常的eNB请求释放的E-RAB数 | E36: 统计eNB请求正常释放的E-RAB个数
B37: CB | C37: ERAB.NbrReqRelEnb.Normal.eMTC | D37: eMTC终端正常的eNB请求释放的E-RAB数 | E37: 统计eNB请求正常释放的E-RAB个数 | H37: 整数 | K37: 15分钟 | L37: 15分钟 | N37: CB条件：eMTC功能开启时，针对eMTC终端的统计
B38: B | C38: ERAB.NbrReqRelEnb.Normal._Qci | D38: 分QCI的正常的eNB请求释放的E-RAB数 | E38: 分业务类型（QCI）分类统计eNB请求正常释放的E-RAB数 | N38: 支持扩展QCI
A39: ENBHB12 | B39: A | C39: ERAB.HoFail | D39: 切出失败的E-RAB数 | E39: 统计切出过程中，未能切换的E-RAB数，并按QCI分类进行统计。由于eNB内的切换属内部流程，无法约定触发点，因此不统计在内。 | F39: （1）对于基于S1接口的成功切换，统计MME发给eNB的Handover Command消息中包括的E-RABs to Release List IE 中的E-RAB个数。（3GPP TS 36.413） （2）对于基于X2接口的成功切换，target eNB发给Source eNB的Handover Request ACK消息中的E-RABs Not Admitted List IE 中的E-RAB数（3GPP TS 36.423） 注：在网络开启Multiple HO功能时，只统计被选中的目标小区对应的Handover Command和Handover Request ACK消息。 | G39: CC | H39: 整数 | I39: 个 | J39: EutranCellTdd EutranCellFdd | K39: 15分钟 | L39: 15分钟 | M39: 是
B40: CB | C40: ERAB.HoFail.eMTC | D40: eMTC终端正切出失败的E-RAB数 | N40: CB条件：eMTC功能开启时，针对eMTC终端的统计
B41: B | C41: ERAB.HoFail._Qci | D41: 分QCI的切出失败的E-RAB数 | N41: 支持扩展QCI
A42: ENBHB13 | B42: B | C42: ERAB.NbrReqRelMmeInitNoHo | D42: MME释放的E-RAB数 | E42: 统计MME发起的要求释放的E-RAB个数，不含成功切换引起的释放，应该根据业务类型分类统计。 | F42: eNB收到MME发送的“E-RAB释放命令”（E-RAB RELEASE COMMAND）或“UE上下文释放命令”(UE CONTEXT RELEASE COMMAND)或S1AP Reset消息，且释放原因非成功切换(Successful Handover)时进行统计，统计消息中包含有或对应要求释放的E-RAB个数，每个业务类型对应一个子测量项。（3GPP TS 36.413） | G42: CC | H42: 整数 | I42: 个 | J42: EutranCellTdd EutranCellFdd | K42: 15分钟 | L42: 15分钟 | M42: 是
B43: CB | C43: ERAB.NbrReqRelMmeInitNoHo.eMTC | D43: eMTC终端MME释放的E-RAB数 | N43: CB条件：eMTC功能开启时，针对eMTC终端的统计
B44: B | C44: ERAB.NbrReqRelMmeInitNoHo._Qci | D44: 分QCI的MME释放的E-RAB数
A45: ENBHB14 | B45: B | C45: ERAB.NbrReqRelEnbByHo | D45: 成功切换释放的E-RAB数 | E45: 统计由成功切换引起的要求释放的E-RAB个数，应该根据业务类型(QCI)分类统计。 | F45: eNB收到MME发送的“E-RAB释放命令”（E-RAB RELEASE COMMAND）或“UE上下文释放命令”(UE CONTEXT RELEASE COMMAND)或S1AP Reset消息，且释放原因为成功切换(Successful Handover)，或eNB收到目标eNB发来的UE CONTEXT RELEASE消息，统计消息中包含或对应要求释放的E-RAB个数，每个业务类型对应一个子测量项。（3GPP TS 36.413） | G45: CC | H45: 整数 | I45: 个 | J45: EutranCellTdd EutranCellFdd | K45: 15分钟 | L45: 15分钟 | M45: 是
B46: CB | C46: ERAB.NbrReqRelEnbByHo.eMTC | D46: eMTC终端成功切换释放的E-RAB数 | N46: CB条件：eMTC功能开启时，针对eMTC终端的统计
B47: B | C47: ERAB.NbrReqRelEnbByHo._Qci | D47: 分QCI的成功切换释放的E-RAB数 | N47: 支持扩展QCI
A48: ENBHB15 | B48: B | C48: ERAB.NbrLeft | D48: 遗留E-RAB个数 | E48: 统计本采集周期结束时已经存在的按业务类型分类E-RAB个数。 | F48: 当采集周期结束时，测量当前小区已经存在的E-RAB个数，并分业务类型（QCI）分别统计。（3GPP TS 36.413） | G48: Gauge | H48: 整数 | I48: 个 | J48: EutranCellTdd EutranCellFdd | K48: 15分钟 | L48: 15分钟 | M48: 否
B49: CB | C49: ERAB.NbrLeft.eMTC | D49: eMTC终端遗留E-RAB个数 | N49: CB条件：eMTC功能开启时，针对eMTC终端的统计
B50: B | C50: ERAB.NbrLeft._Qci | D50: 分QCI的遗留E-RAB个数 | N50: 支持扩展QCI
A51: ENBHB16 | B51: C | C51: ERAB.ActiveMeanNbrDL | D51: 下行平均激活E-RAB数 | E51: 在采样时刻统计下行激活E-RAB个数，下行激活E-RAB指其DRB在MAC、RLC或PDCP层有下行缓存数据。在统计周期末，计算采样值的平均值。每个QCI类型对应一个子测量项。采样间隔不超过0.1秒。（参考3GPP TS36.314中激活UE数定义，但统计粒度为E-RAB） | F51: 无 | G51: SI | H51: 实数 | I51: 个 | J51: EutranCellTdd EutranCellFdd | K51: 15分钟 | L51: 15分钟 | M51: 否
B52: B | C52: ERAB.ActiveMeanNbrDL._Qci | D52: 分QCI的下行平均激活E-RAB数
A53: ENBHB17 | B53: C | C53: ERAB.ActiveMaxNbrDL | D53: 下行最大激活E-RAB数 | E53: 在采样时刻统计下行激活E-RAB个数，下行激活E-RAB指其DRB在MAC、RLC或PDCP层有下行缓存数据。在统计周期末，取采样值的最大值。每个QCI类型对应一个子测量项。采样间隔不超过0.1秒。（参考3GPP TS36.314中激活UE数定义，但统计粒度为E-RAB） | F53: 无 | G53: SI | H53: 整数 | I53: 个 | J53: EutranCellTdd EutranCellFdd | K53: 15分钟 | L53: 15分钟 | M53: 否
B54: B | C54: ERAB.ActiveMaxNbrDL._Qci | D54: 分QCI的下行最大激活E-RAB数
A55: ENBHB18 | B55: C | C55: ERAB.ActiveMeanNbrUL | D55: 上行平均激活E-RAB数 | E55: 在采样时刻统计上行激活E-RAB个数，上行激活E-RAB指其DRB在MAC、RLC或PDCP层有上行缓存数据。在统计周期末，计算采样值的平均值。每个QCI类型对应一个子测量项。采样间隔不超过0.1秒。（参考3GPP TS36.314中激活UE数定义，但统计粒度为E-RAB） | F55: 无 | G55: SI | H55: 实数 | I55: 个 | J55: EutranCellTdd EutranCellFdd | K55: 15分钟 | L55: 15分钟 | M55: 否
B56: B | C56: ERAB.ActiveMeanNbrUL._Qci | D56: 分QCI的上行平均激活E-RAB数
A57: ENBHB19 | B57: C | C57: ERAB.ActiveMaxNbrUL | D57: 上行最大激活E-RAB数 | E57: 在采样时刻统计上行激活E-RAB个数，上行激活E-RAB指其DRB在MAC、RLC或PDCP层有上行缓存数据。在统计周期末，取采样值的最大值。每个QCI类型对应一个子测量项。采样间隔不超过0.1秒。（参考3GPP TS36.314中激活UE数定义，但统计粒度为E-RAB） | F57: 无 | G57: SI | H57: 整数 | I57: 个 | J57: EutranCellTdd EutranCellFdd | K57: 15分钟 | L57: 15分钟 | M57: 否
B58: B | C58: ERAB.ActiveMaxNbrUL._Qci | D58: 分QCI的上行最大激活E-RAB数
A59: ENBHB20 | B59: B | C59: ERAB.RelActNbr | D59: 激活E-RAB释放个数 | E59: 统计释放的激活ERAB个数，也就是释放时上行或下行队列中有用户数据的ERAB个数。（参考3GPP TS36.425） | F59: eNB发起释放ERAB时，采样点为eNB发送的“E-RAB RELEASE INDICATION”消息；MME发起ERAB释放时，MME发送“E-RAB RELEASE COMMAND”消息原因不为“Normal Release”，采样点为eNB发送的“E-RAB RELEASE RESPONSE”消息；eNB发起UE上下文释放时，eNB发送“UE CONTEXT RELEASE REQUEST”消息原因不为“User inactivity”、“CSG Subscription Expiry”、“CS Fallback triggered”、“UE Not Available for PS Service”、“Redirection towards 1xRTT”、“Inter-RAT Redirection”，采样点为eNB发送的“UE CONTEXT RELEASE COMPLETE”消息；MME发起UE上下文释放时，MME发送“UE CONTEXT RELEASE COMMAND”消息原因不为“Normal Release”、“detach”“Handover Cancelled”、“Redirection towards 1xRTT”、“Successful Handover”、“Inter-RAT Redirection”、“S1 Intra system Handover triggered”，采样点为eNB发送的“UE CONTEXT RELEASE COMPLETE”消息；切换时，采样点为eNB收到“PATH SWITCH REQUEST ACKNOWLEDGE”和“PATH SWITCH REQUEST FAILED”消息；重置时，采样点为eNB发送和接收的“RESET ACKNOWLEDGE”消息。 | G59: CC | H59: 整数 | I59: 个 | J59: EutranCellTdd EutranCellFdd | K59: 15分钟 | L59: 15分钟 | M59: 是
B60: B | C60: ERAB.RelActNbr._Qci | D60: 分QCI的激活E-RAB释放个数
A61: ENBHB21 | B61: A | C61: ERAB.NbrAttInitEstab | D61: 初始E-RAB建立请求数 | E61: 统计初始请求建立的E-RAB个数，并该按业务类型分类统计。 | F61: eNB接收到MME发来的“初始上下文建立请求消息”（INITIAL CONTEXT SETUP REQUEST），消息中包含的E-RAB个数。每个业务类型对应一个子测量项。（3GPP TS 36.413）。 | G61: CC | H61: 整数 | I61: 个 | J61: EutranCellTdd EutranCellFdd | K61: 15分钟 | L61: 15分钟 | M61: 是
B62: B | C62: ERAB.NbrAttInitEstab._Qci | D62: 分QCI的初始E-RAB建立请求数
A63: ENBHB22 | B63: A | C63: ERAB.NbrSuccInitEstab | D63: 初始E-RAB建立成功数 | E63: 统计初始E-RAB建立成功个数，并该按业务类型分类统计。 | F63: eNB向MME发送“初始上下文建立响应”（INITIAL CONTEXT SETUP RESPONSE），消息中成功建立的E-RAB个数。每个业务类型对应一个子测量项。（3GPP TS 36.413） | G63: CC | H63: 整数 | I63: 个 | J63: EutranCellTdd EutranCellFdd | K63: 15分钟 | L63: 15分钟 | M63: 是
B64: B | C64: ERAB.NbrSuccInitEstab._Qci | D64: 分QCI的初始E-RAB建立成功数
A65: ENBHB23 | B65: B | C65: ERAB.NbrMaxEstab | D65: 最大E-RAB数 | E65: 统计小区内同时存在的E-RAB最大个数。 | F65: 此测量参数通过预先设定测量时间间隔采样（目前固定为1秒间隔），得到给定小区同时存在的E-RAB数量，然后取最大值。 | G65: SI | H65: 整数 | I65: 个 | J65: EutranCellTdd EutranCellFdd | K65: 15分钟 | L65: 15分钟 | M65: 否
B66: CB | C66: ERAB.NbrMaxEstab.eMTC | D66: eMTC终端最大E-RAB数 | N66: CB条件：eMTC功能开启时，针对eMTC终端的统计
B67: B | C67: ERAB.NbrMaxEstab._Qci | D67: 每QCI最大E-RAB数

Sheet HC
A1: 统计编码 | B1: 重要度 | C1: 英文名称 | D1: 中文名称 | E1: 定义 | F1: 触发点 | G1: 采集方式 | H1: 数据类型 | I1: 单位 | J1: 空间粒度 | K1: 时间粒度 | L1: 上报周期 | M1: 测试要求 | N1: 备注
A2: ENBHC01 | B2: B | C2: CONTEXT.AttInitalSetup | D2: 初始上下文建立请求次数 | E2: 统计初始上下文建立请求次数。 | F2: eNB接收到MME发送的“初始上下文建立请求”（INITIAL CONTEXT SETUP REQUEST）消息。（3GPP TS 36.413） | G2: CC | H2: 整数 | I2: 个 | J2: EutranCellTdd EutranCellFdd | K2: 15分钟 | L2: 15分钟 | M2: 是 | N2: CS Fallback Indicator 的定义为:ENUMERATED(CS Fallback required, … , CS Fallback High Priority)。统计CSFB触发的次数，可以用“initial Context Setup Request（HC01） + Ue context Modification Request（HC04）”，上述两条消息都携带IE为“Cs Fallback”。
B3: B | C3: CONTEXT.AttInitalSetup.Csfb | D3: CSFB初始上下文建立请求次数 | E3: 统计CSFB触发的上下文建立次数 | F3: eNB接收到MME发送的“初始上下文建立请求”（INITIAL CONTEXT SETUP REQUEST）消息,并携带CS Fallback Indicator 请求CS业务. 。（3GPP TS 36.413） | G3: CC | H3: 整数 | I3: 个 | J3: EutranCellTdd EutranCellFdd | K3: 15分钟 | L3: 15分钟 | M3: 否
A4: ENBHC02 | B4: A | C4: CONTEXT.SuccInitalSetup | D4: 初始上下文建立成功次数 | E4: 统计初始上下文建立成功次数。 | F4: eNB向MME发送“初始上下文建立响应”（INITIAL CONTEXT SETUP RESPONSE）消息。（3GPP TS 36.413） | G4: CC | H4: 整数 | I4: 个 | J4: EutranCellTdd EutranCellFdd | K4: 15分钟 | L4: 15分钟 | M4: 是
B5: B | C5: CONTEXT.SuccInitalSetup.Csfb | D5: CSFB初始上下文建立成功次数 | E5: 统计CSFB触发的初始上下文建立成功次数
A6: ENBHC03 | B6: B | C6: CONTEXT.FailInitalSetup | D6: 初始上下文建立失败次数 | E6: 统计初始上下文建立失败次数，应该按失败原因分类统计。 | F6: eNB向MME发送“初始上下文建立失败”（INITIAL CONTEXT SETUP FAILURE）消息，或定时器超时，指示初始上下文建立失败，每个原因对应一个子测量项。（3GPP TS 36.413） | G6: CC | H6: 整数 | I6: 个 | J6: EutranCellTdd EutranCellFdd | K6: 15分钟 | L6: 15分钟 | M6: 否
B7: C | C7: CONTEXT.FailInitalSetup._Cause | D7: 分原因的初始上下文建立失败次数
A8: ENBHC04 | B8: B | C8: CONTEXT.AttMod | D8: 上下文修改请求次数 | E8: 统计MME发起的请求修改上下文次数。 | F8: eNB收到MME发送的“UE 上下文修改请求”（UE CONTEXT MODIFICATION REQUEST）消息（3GPP TS 36.413）。 | G8: CC | H8: 整数 | I8: 个 | J8: EutranCellTdd EutranCellFdd | K8: 15分钟 | L8: 15分钟 | M8: 否 | N8: CS Fallback Indicator 的定义为:ENUMERATED(CS Fallback required, … , CS Fallback High Priority)。统计CSFB触发的次数，可以用“initial Context Setup Request（HC01） + Ue context Modification Request（HC04）”，上述两条消息都携带IE为“Cs Fallback”。
B9: B | C9: CONTEXT.AttMod.Csfb | D9: CSFB上下文修改请求次数 | E9: 统计CSFB触发的上下文修改次数 | F9: eNB收到MME发送的“UE 上下文修改请求”（UE CONTEXT MODIFICATION REQUEST）消息,并携带CS Fallback Indicator 请求CS业务.（3GPP TS 36.413）。 | G9: CC | H9: 整数 | I9: 个 | K9: 15分钟 | L9: 15分钟
A10: ENBHC05 | B10: B | C10: CONTEXT.SuccMod | D10: 上下文修改成功次数 | E10: 统计MME发起的上下文修改成功次数。 | F10: eNB向MME发送“UE 上下文修改响应”（UE CONTEXT MODIFICATION RESPONSE）消息。（3GPP TS 36.413） | G10: CC | H10: 整数 | I10: 个 | J10: EutranCellTdd EutranCellFdd | K10: 15分钟 | L10: 15分钟 | M10: 否
B11: B | C11: CONTEXT.SuccMod.Csfb | D11: CSFB上下文修改成功次数 | E11: 统计CSFB触发的的上下文修改成功次数
A12: ENBHC06 | B12: B | C12: CONTEXT.FailMod | D12: 上下文修改失败次数 | E12: 统计MME发起的上下文修改失败次数。 | F12: eNB向MME发送“UE 上下文修改失败”（UE CONTEXT MODIFICATION FAILURE）消息，或定时器超时，指示上下文修改失败。（3GPP TS 36.413） | G12: CC | H12: 整数 | I12: 个 | J12: EutranCellTdd EutranCellFdd | K12: 15分钟 | L12: 15分钟 | M12: 否
A13: ENBHC07 | B13: A | C13: CONTEXT.AttRelEnb | D13: eNB请求释放上下文数 | E13: 统计eNB发起的请求释放上下文个数，并应该按释放原因分类统计。 | F13: eNB向MME发送“UE 上下文释放请求”（UE CONTEXT RELEASE REQUEST）消息或者S1 Reset消息中包含的上下文个数，每个原因对应一个子测量项，其中正常释放的原因包括：User Inactivity, CS Fallback triggered, Inter-RAT Redirection、UE Not Available for PS Service、Redirection towards 1xRTT。（3GPP TS 36.413） 注：eNB等待INITIAL CONTEXT SETUP REQUEST消息超时，随后eNB发起的UE CONTEXT RELEASE REQUEST消息不统计。 | G13: CC | H13: 整数 | I13: 个 | J13: EutranCellTdd EutranCellFdd | K13: 15分钟 | L13: 15分钟 | M13: 否
B14: A | C14: CONTEXT.AttRelEnb.CauseUserInactivity | D14: 用户不活动原因eNB请求释放上下文数
B15: C | C15: CONTEXT.AttRelEnb._Cause | D15: 分原因的eNB请求释放上下文数
B16: A | C16: CONTEXT.AttRelEnb.Normal | D16: 正常的eNB请求释放上下文数
A17: ENBHC08 | B17: B | C17: CONTEXT.AttRelMme | D17: MME请求释放上下文数 | E17: 统计MME发起的要求释放上下文个数，并应该按释放原因分类统计。 | F17: eNB收到MME发送的“UE 上下文释放命令”（UE CONTEXT RELEASE COMMAND）消息或者S1 Reset消息中包含的上下文个数，每个原因对应一个子测量项。（3GPP TS 36.413） | G17: CC | H17: 整数 | I17: 个 | J17: EutranCellTdd EutranCellFdd | K17: 15分钟 | L17: 15分钟 | M17: 否
B18: C | C18: CONTEXT.AttRelMme._Cause | D18: 分原因的MME请求释放上下数
A19: ENBHC09 | B19: A | C19: CONTEXT.NbrLeft | D19: 遗留上下文个数 | E19: 统计本采集周期结束时已经存在UE CONTEXT个数。 | F19: 当采集周期结束时，测量当前小区已经存在的UE CONTEXT个数。（3GPP TS 36.413） | G19: Gauge | H19: 整数 | I19: 个 | J19: EutranCellTdd EutranCellFdd | K19: 15分钟 | L19: 15分钟 | M19: 是

Sheet HD
A1: 统计编码 | B1: 重要度 | C1: 英文名称 | D1: 中文名称 | E1: 定义 | F1: 触发点 | G1: 采集方式 | H1: 数据类型 | I1: 单位 | J1: 空间粒度 | K1: 时间粒度 | L1: 上报周期 | M1: 测试要求 | N1: 备注
A2: ENBHD01 | B2: A | C2: HO.AttOutInterEnbS1 | D2: eNB间S1切换出请求次数 | E2: 统计eNB间S1接口的切换出请求次数。单独统计QCI=1和2的 次数。 | F2: 源eNB向MME发送的“切换请求”消息（HANDOVER REQUIRED）（3GPP TS 36.413），指示eNB间通过S1接口的切换出准备请求。向不同小区发送的同一切换准备请求，需要重复统计。 | G2: CC | H2: 整数 | I2: 次 | J2: EutranCellTdd EutranCellFdd | K2: 15分钟 | L2: 15分钟 | M2: 是
B3: CB | C3: HO.AttOutInterEnbS1.eMTC | D3: eMTC终端eNB间S1切换出请求次数 | N3: CB条件：eMTC功能开启时，针对eMTC终端的统计
B4: A | C4: HO.AttOutInterEnbS1.1 | D4: VoLTE用户eNB间S1切换出请求次数
B5: A | C5: HO.AttOutInterEnbS1.2 | D5: QCI2承载eNB间S1切换出请求次数
A6: ENBHD02 | B6: B | C6: HO.SuccOutPrepInterEnbS1 | D6: eNB间S1切换出准备成功次数 | E6: 统计eNB间通过S1接口的切换出准备成功次数。 单独统计QCI=1的次数。 | F6: 源eNB收到MME发送的“切换命令”消息（HANDOVER COMMAND）（3GPP TS 36.413），指示eNB间S1接口切换出准备成功。 | G6: CC | H6: 整数 | I6: 次 | J6: EutranCellTdd EutranCellFdd | K6: 15分钟 | L6: 15分钟 | M6: 是
B7: CB | C7: HO.SuccOutPrepInterEnbS1.eMTC | D7: eMTC终端eNB间S1切换出准备成功次数 | N7: CB条件：eMTC功能开启时，针对eMTC终端的统计
B8: B | C8: HO.SuccOutPrepInterEnbS1.1 | D8: VoLTE用户eNB间S1切换出准备成功次数 | E8: 统计eNB间通过S1接口的切换出准备成功次数。 | F8: 源eNB收到MME发送的“切换命令”消息（HANDOVER COMMAND）（3GPP TS 36.413），指示eNB间S1接口切换出准备成功。 | G8: CC | H8: 整数 | I8: 次 | K8: 15分钟 | L8: 15分钟 | M8: 是
A9: ENBHD03 | B9: B | C9: HO.AttOutExecInterEnbS1 | D9: eNB间S1切换出执行请求次数 | E9: 统计eNB间通过S1接口的切换出执行请求次数。 单独统计QCI=1的次数。 | F9: eNB向UE发送携带mobilityControlInfo 的“RRC连接重配置”消息（RRC Connection Reconfiguration），表示eNB间S1切换出执行请求。（3GPP TS 36.331） | G9: CC | H9: 整数 | I9: 次 | J9: EutranCellTdd EutranCellFdd | K9: 15分钟 | L9: 15分钟 | M9: 否
B10: CB | C10: HO.AttOutExecInterEnbS1.eMTC | D10: eMTC终端eNB间S1切换出执行请求次数 | N10: CB条件：eMTC功能开启时，针对eMTC终端的统计
B11: B | C11: HO.AttOutExecInterEnbS1.1 | D11: VoLTE用户eNB间S1切换出执行请求次数 | E11: 统计eNB间通过S1接口的切换出执行请求次数。 | F11: eNB向UE发送携带mobilityControlInfo 的“RRC连接重配置”消息（RRC Connection Reconfiguration），表示eNB间S1切换出执行请求。（3GPP TS 36.331） | G11: CC | H11: 整数 | I11: 次 | K11: 15分钟 | L11: 15分钟 | M11: 否
A12: ENBHD04 | B12: A | C12: HO.SuccOutInterEnbS1 | D12: eNB间S1切换出成功次数 | E12: 统计eNB间通过S1接口的切换出的完成阶段成功结束的次数。 单独统计QCI=1和2的次数。 | F12: 源eNB收到MME发送的“UE上下文释放命令”消息（UE CONTEXT RELEASE COMMAND）（3GPP TS 36.413），指示eNB间通过S1接口的切换出执行成功。 | G12: CC | H12: 整数 | I12: 次 | J12: EutranCellTdd EutranCellFdd | K12: 15分钟 | L12: 15分钟 | M12: 是
B13: CB | C13: HO.SuccOutInterEnbS1.eMTC | D13: eMTC终端eNB间S1切换出成功次数 | N13: CB条件：eMTC功能开启时，针对eMTC终端的统计
B14: A | C14: HO.SuccOutInterEnbS1.1 | D14: VoLTE用户eNB间S1切换出成功次数
B15: A | C15: HO.SuccOutInterEnbS1.2 | D15: QCI2承载eNB间S1切换出成功次数 | E15: 统计eNB间通过S1接口的切换出的完成阶段成功结束的次数。 | F15: 源eNB收到MME发送的“UE上下文释放命令”消息（UE CONTEXT RELEASE COMMAND）（3GPP TS 36.413），指示eNB间通过S1接口的切换出执行成功。 | G15: CC | H15: 整数 | I15: 次 | K15: 15分钟 | L15: 15分钟 | M15: 是
A16: ENBHD05 | B16: B | C16: HO.AvgTimeInterEnbS1 | D16: eNB间S1切换平均时长 | E16: 统计eNB间通过S1接口的切换的平均时长。 | F16: 取成功的eNB间S1切换的切换时长的平均值。切换时长等于源eNB向MME发送的“切换请求”消息（HANDOVER REQUIRED）（3GPP TS 36.413）与源eNB收到MME发送的“UE上下文释放命令”消息（UE CONTEXT RELEASE COMMAND）之间的时间间隔。 | G16: DER(n=1) | H16: 整数 | I16: ms | J16: EutranCellTdd EutranCellFdd | K16: 15分钟 | L16: 15分钟 | M16: 否 | N16: 无成功切换时此值报“-”（英文减号）
A17: ENBHD06 | B17: B | C17: HO.CancelOutInterEnbS1 | D17: eNB间S1切换出取消次数 | E17: 统计eNb间通过S1接口的切换，发出请求后又取消的次数。 单独统计QCI=1的次数。 | F17: 源eNB向MME发送“切换取消”（Handover Cancel）（3GPP TS 36.413)，指示切换取消。 | G17: CC | H17: 整数 | I17: 次 | J17: EutranCellTdd EutranCellFdd | K17: 15分钟 | L17: 15分钟 | M17: 是
B18: CB | C18: HO.CancelOutInterEnbS1.eMTC | D18: eMTC终端eNB间S1切换出取消次数 | N18: CB条件：eMTC功能开启时，针对eMTC终端的统计
B19: B | C19: HO.CancelOutInterEnbS1.1 | D19: VoLTE用户eNB间S1切换出取消次数 | E19: 统计eNb间通过S1接口的切换，发出请求后又取消的次数。 | F19: 源eNB向MME发送“切换取消”（Handover Cancel）（3GPP TS 36.413)，指示切换取消。 | G19: CC | H19: 整数 | I19: 次 | K19: 15分钟 | L19: 15分钟 | M19: 是
A20: ENBHD07 | B20: A | C20: HO.AttOutInterEnbX2 | D20: eNB间X2切换出请求次数 | E20: 统计eNB间通过X2接口的切换出请求次数。 单独统计QCI=1和2的次数。 | F20: 源eNB向目标eNB发送的“切换请求”消息（HANDOVER REQUEST）（3GPP TS 36.423），指示eNB间通过X2接口的切换出准备请求。向不同小区发送的同一切换准备请求，重复统计。 | G20: CC | H20: 整数 | I20: 次 | J20: EutranCellTdd EutranCellFdd | K20: 15分钟 | L20: 15分钟 | M20: 是
B21: CB | C21: HO.AttOutInterEnbX2.eMTC | D21: eMTC终端eNB间X2切换出请求次数 | N21: CB条件：eMTC功能开启时，针对eMTC终端的统计
B22: A | C22: HO.AttOutInterEnbX2.1 | D22: VoLTE用户eNB间X2切换出请求次数
A23: ENBHD07 | B23: A | C23: HO.AttOutInterEnbX2.2 | D23: QCI2承载eNB间X2切换出请求次数 | E23: 统计eNB间通过X2接口的切换出请求次数。 单独统计QCI=1的次数。 | F23: 源eNB向目标eNB发送的“切换请求”消息（HANDOVER REQUEST）（3GPP TS 36.423），指示eNB间通过X2接口的切换出准备请求。向不同小区发送的同一切换准备请求，重复统计。 | G23: CC | H23: 整数 | I23: 次 | K23: 15分钟 | L23: 15分钟 | M23: 是
A24: ENBHD08 | B24: B | C24: HO.SuccOutPrepInterEnbX2 | D24: eNB间X2切换出准备成功次数 | E24: 统计eNB间通过X2接口的切换出准备成功次数。 单独统计QCI=1的次数。 | F24: 源eNB收到目标eNB发送的“切换请求确认”消息（HANDOVER REQUEST ACKNOWLEDGE）（3GPP TS 36.423），指示eNB间X2切换出准备成功。 | G24: CC | H24: 整数 | I24: 次 | J24: EutranCellTdd EutranCellFdd | K24: 15分钟 | L24: 15分钟 | M24: 是
B25: CB | C25: HO.SuccOutPrepInterEnbX2.eMTC | D25: eMTC终端eNB间X2切换出准备成功次数 | N25: CB条件：eMTC功能开启时，针对eMTC终端的统计
A26: ENBHD08 | B26: B | C26: HO.SuccOutPrepInterEnbX2.1 | D26: VoLTE用户eNB间X2切换出准备成功次数 | E26: 统计eNB间通过X2接口的切换出准备成功次数。 单独统计QCI=1的次数。 | F26: 源eNB收到目标eNB发送的“切换请求确认”消息（HANDOVER REQUEST ACKNOWLEDGE）（3GPP TS 36.423），指示eNB间X2切换出准备成功。 | G26: CC | H26: 整数 | I26: 次 | K26: 15分钟 | L26: 15分钟 | M26: 是
A27: ENBHD09 | B27: B | C27: HO.AttOutExecInterEnbX2 | D27: eNB间X2切换出执行请求次数 | E27: 统计eNB间通过X2接口的切换出执行请求次数。 单独统计QCI=1的次数。 | F27: eNB向UE发送携带mobilityControlInfo 的“RRC连接重配置”消息（RRCConnectionReconfiguration），表示eNB间X2切换出执行请求。（3GPP TS 36.331） | G27: CC | H27: 整数 | I27: 次 | J27: EutranCellTdd EutranCellFdd | K27: 15分钟 | L27: 15分钟 | M27: 否
B28: CB | C28: HO.AttOutExecInterEnbX2.eMTC | D28: eMTC终端eNB间X2切换出执行请求次数 | N28: CB条件：eMTC功能开启时，针对eMTC终端的统计
A29: ENBHD09 | B29: B | C29: HO.AttOutExecInterEnbX2.1 | D29: VoLTE用户eNB间X2切换出执行请求次数 | F29: eNB向UE发送携带mobilityControlInfo 的“RRC连接重配置”消息（RRCConnectionReconfiguration），表示eNB间X2切换出执行请求。（3GPP TS 36.331） | G29: CC | H29: 整数 | I29: 次 | K29: 15分钟 | L29: 15分钟 | M29: 否
A30: ENBHD10 | B30: A | C30: HO.SuccOutInterEnbX2 | D30: eNB间X2切换出成功次数 | E30: 统计eNB间通过X2接口的切换出完成过程成功结束的次数。 单独统计QCI=1和2的次数。 | F30: 源eNB收到目标eNB发送的“UE上下文释放”消息（UE CONTEXT RELEASE）（3GPP TS 36.423），指示eNB间通过X2接口的切换出执行成功。 | G30: CC | H30: 整数 | I30: 次 | J30: EutranCellTdd EutranCellFdd | K30: 15分钟 | L30: 15分钟 | M30: 是
B31: CB | C31: HO.SuccOutInterEnbX2.eMTC | D31: eMTC终端eNB间X2切换出成功次数 | N31: CB条件：eMTC功能开启时，针对eMTC终端的统计
B32: A | C32: HO.SuccOutInterEnbX2.1 | D32: VoLTE用户eNB间X2切换出成功次数
A33: ENBHD10 | B33: A | C33: HO.SuccOutInterEnbX2.2 | D33: QCI2承载eNB间X2切换出成功次数 | E33: 统计eNB间通过X2接口的切换出完成过程成功结束的次数。 单独统计QCI=1的次数。 | F33: 源eNB收到目标eNB发送的“UE上下文释放”消息（UE CONTEXT RELEASE）（3GPP TS 36.423），指示eNB间通过X2接口的切换出执行成功。 | G33: CC | H33: 整数 | I33: 次 | K33: 15分钟 | L33: 15分钟 | M33: 是
A34: ENBHD11 | B34: B | C34: HO.AvgTimeInterEnbX2 | D34: eNB间X2切换平均时长 | E34: 统计eNB间通过X2接口的切换的平均时长。 | F34: 取成功的eNB间X2切换的切换时长的平均值。切换时长等于源eNB向目标eNB发送的“切换请求”消息（HANDOVER REQUEST）（3GPP TS 36.423）与源eNB收到目标eNB发送的“UE上下文释放”消息（UE CONTEXT RELEASE）（3GPP TS 36.423）之间的时间间隔。 | G34: DER(n=1) | H34: 整数 | I34: ms | J34: EutranCellTdd EutranCellFdd | K34: 15分钟 | L34: 15分钟 | M34: 否 | N34: 无成功切换时此值报“-”（英文减号）
A35: ENBHD12 | B35: B | C35: HO.CancelOutInterEnbX2 | D35: eNB间X2切换出取消次数 | E35: 统计eNb间通过X2接口的切换，发出请求后又取消的次数。 单独统计QCI=1的次数。 | F35: 源eNB向目标eNB发送“切换取消”（Handover Cancel）（3GPP TS 36.423)，指示切换取消。 | G35: CC | H35: 整数 | I35: 次 | J35: EutranCellTdd EutranCellFdd | K35: 15分钟 | L35: 15分钟 | M35: 是
B36: CB | C36: HO.CancelOutInterEnbX2.eMTC | D36: eMTC终端eNB间X2切换出取消次数 | N36: CB条件：eMTC功能开启时，针对eMTC终端的统计
A37: ENBHD12 | B37: B | C37: HO.CancelOutInterEnbX2.1 | D37: VoLTE用户eNB间X2切换出取消次数 | E37: 统计eNb间通过X2接口的切换，发出请求后又取消的次数。 单独统计QCI=1的次数。 | F37: 源eNB向目标eNB发送“切换取消”（Handover Cancel）（3GPP TS 36.423)，指示切换取消。 | G37: CC | H37: 整数 | I37: 次 | K37: 15分钟 | L37: 15分钟 | M37: 是
A38: ENBHD13 | B38: A | C38: HO.AttOutIntraEnb | D38: eNB内切换出请求次数 | E38: 统计eNB内小区间切换出请求次数。 单独统计QCI=1和2的次数。 | F38: eNB向UE发送携带mobilityControlInfo 的“RRC连接重配置”消息（RRCConnectionReconfiguration），指示eNB内小区间切换出请求。（3GPP TS 36.331） | G38: CC | H38: 整数 | I38: 次 | J38: EutranCellTdd EutranCellFdd | K38: 15分钟 | L38: 15分钟 | M38: 否
B39: CB | C39: HO.AttOutIntraEnb.eMTC | D39: eMTC终端eNB内切换出请求次数 | N39: CB条件：eMTC功能开启时，针对eMTC终端的统计
B40: A | C40: HO.AttOutIntraEnb.1 | D40: VoLTE用户eNB内切换出请求次数
A41: ENBHD13 | B41: A | C41: HO.AttOutIntraEnb.2 | D41: QCI2承载eNB内切换出请求次数 | E41: 统计eNB内小区间切换出请求次数。 单独统计QCI=1的次数。 | F41: eNB向UE发送携带mobilityControlInfo 的“RRC连接重配置”消息（RRCConnectionReconfiguration），指示eNB内小区间切换出请求。（3GPP TS 36.331） | G41: CC | H41: 整数 | I41: 次 | K41: 15分钟 | L41: 15分钟 | M41: 否
A42: ENBHD14 | B42: A | C42: HO.SuccOutIntraEnb | D42: eNB内切换出成功次数 | E42: 统计eNB内小区间切换出成功次数。 单独统计QCI=1和2的次数。 | F42: eNB收到UE发送的“RRC连接重配置完成”消息（RRCConnectionReconfigurationComplete），指示eNB内小区间切换出成功。（3GPP TS 36.331） | G42: CC | H42: 整数 | I42: 次 | J42: EutranCellTdd EutranCellFdd | K42: 15分钟 | L42: 15分钟 | M42: 否
B43: CB | C43: HO.SuccOutIntraEnb.eMTC | D43: eMTC终端eNB内切换出成功次数 | N43: CB条件：eMTC功能开启时，针对eMTC终端的统计
B44: CB | C44: HO.SuccOutIntraEnb.1 | D44: QCI1承载eNB内切换出成功次数
A45: ENBHD14 | B45: A | C45: HO.SuccOutIntraEnb.2 | D45: QCI2承载eNB内切换出成功次数 | E45: 统计eNB内小区间切换出成功次数。 单独统计QCI=1的次数。 | F45: eNB收到UE发送的“RRC连接重配置完成”消息（RRCConnectionReconfigurationComplete），指示eNB内小区间切换出成功。（3GPP TS 36.331） | G45: CC | H45: 整数 | I45: 次 | K45: 15分钟 | L45: 15分钟 | M45: 否
A46: ENBHD15 | B46: B | C46: HO.AttOutExecIntraFreq | D46: 同频切换出执行请求次数 | E46: 统计小区间同频切换出执行请求的次数。 单独统计QCI=1的次数。 | F46: eNB向UE发送携带mobilityControlInfo 的“RRC连接重配置”消息（RRCConnectionReconfiguration），指示小区间同频切换出执行请求。（3GPP TS 36.331） | G46: CC | H46: 整数 | I46: 次 | J46: EutranCellTdd EutranCellFdd | K46: 15分钟 | L46: 15分钟 | M46: 否
A47: ENBHD15 | B47: B | C47: HO.AttOutExecIntraFreq.1 | D47: VoLTE用户同频切换出执行请求次数 | E47: 统计小区间同频切换出执行请求的次数。 单独统计QCI=1的次数。 | F47: eNB向UE发送携带mobilityControlInfo 的“RRC连接重配置”消息（RRCConnectionReconfiguration），指示小区间同频切换出执行请求。（3GPP TS 36.331） | G47: CC | H47: 整数 | I47: 次 | K47: 15分钟 | L47: 15分钟 | M47: 否
A48: ENBHD16 | B48: B | C48: HO.SuccOutIntraFreq | D48: 同频切换出成功次数 | E48: 统计小区间同频切换出执行成功次数。 单独统计QCI=1的次数。 | F48: (1)eNB内切换：eNB收到UE发送的“RRC连接重配置完成”消息（RRCConnectionReconfigurationComplete） (2)eNB间切换：eNB收到MME发送的“UE上下文释放命令”消息（UE CONTEXT RELEASE COMMAND, 3GPP TS 36.413）或目标eNB发送的“UE上下文释放”消息（UE CONTEXT RELEASE）（3GPP TS 36.423) | G48: CC | H48: 整数 | I48: 次 | J48: EutranCellTdd EutranCellFdd | K48: 15分钟 | L48: 15分钟 | M48: 否
A49: ENBHD16 | B49: B | C49: HO.SuccOutIntraFreq.1 | D49: VoLTE用户同频切换出成功次数 | E49: 统计小区间同频切换出执行成功次数。 单独统计QCI=1的次数。 | F49: (1)eNB内切换：eNB收到UE发送的“RRC连接重配置完成”消息（RRCConnectionReconfigurationComplete） (2)eNB间切换：eNB收到MME发送的“UE上下文释放命令”消息（UE CONTEXT RELEASE COMMAND, 3GPP TS 36.413）或目标eNB发送的“UE上下文释放”消息（UE CONTEXT RELEASE）（3GPP TS 36.423) | G49: CC | H49: 整数 | I49: 次 | K49: 15分钟 | L49: 15分钟 | M49: 否
A50: ENBHD17 | B50: B | C50: HO.AttOutExecInterFreq | D50: 异频切换出执行请求次数 | E50: 统计小区间异频切换出执行请求的次数。 单独统计QCI=1的次数。 | F50: eNB向UE发送携带mobilityControlInfo 的“RRC连接重配置”消息（RRCConnectionReconfiguration），指示小区间异频切换出执行请求。（3GPP TS 36.331） | G50: CC | H50: 整数 | I50: 次 | J50: EutranCellTdd EutranCellFdd | K50: 15分钟 | L50: 15分钟 | M50: 否
A51: ENBHD17 | B51: B | C51: HO.AttOutExecInterFreq.1 | D51: VoLTE用户异频切换出执行请求次数 | E51: 统计小区间异频切换出执行请求的次数。 单独统计QCI=1的次数。 | F51: eNB向UE发送携带mobilityControlInfo 的“RRC连接重配置”消息（RRCConnectionReconfiguration），指示小区间异频切换出执行请求。（3GPP TS 36.331） | G51: CC | H51: 整数 | I51: 次 | K51: 15分钟 | L51: 15分钟 | M51: 否
A52: ENBHD18 | B52: B | C52: HO.SuccOutInterFreq | D52: 异频切换出成功次数 | E52: 统计小区间异频切换出执行成功次数。 单独统计QCI=1的次数。 | F52: (1)eNB内切换：eNB收到UE发送的“RRC连接重配置完成”消息（RRCConnectionReconfigurationComplete） (2)eNB间切换：eNB收到MME发送的“UE上下文释放命令”消息（UE CONTEXT RELEASE COMMAND, 3GPP TS 36.413）或目标eNB发送的“UE上下文释放”消息（UE CONTEXT RELEASE）（3GPP TS 36.423) | G52: CC | H52: 整数 | I52: 次 | J52: EutranCellTdd EutranCellFdd | K52: 15分钟 | L52: 15分钟 | M52: 否
A53: ENBHD18 | B53: B | C53: HO.SuccOutInterFreq.1 | D53: VoLTE用户异频切换出成功次数 | E53: 统计小区间异频切换出执行成功次数。 单独统计QCI=1的次数。 | F53: (1)eNB内切换：eNB收到UE发送的“RRC连接重配置完成”消息（RRCConnectionReconfigurationComplete） (2)eNB间切换：eNB收到MME发送的“UE上下文释放命令”消息（UE CONTEXT RELEASE COMMAND, 3GPP TS 36.413）或目标eNB发送的“UE上下文释放”消息（UE CONTEXT RELEASE）（3GPP TS 36.423) | G53: CC | H53: 整数 | I53: 次 | K53: 15分钟 | L53: 15分钟 | M53: 否
A54: ENBHD19 | B54: B | C54: HO.FailOut | D54: 切换出失败次数 | E54: 统计切换出失败次数，按原因分别统计。单独统计QCI=1的次数。 | F54: 源eNB收到MME发送的“切换准备失败”消息（HANDOVER PREPARATION FAILURE）（3GPP TS 36.413），或源eNB收到目标eNB发送的“切换准备失败”（HANDOVER PREPARATION FAILURE）消息，或eNB收到UE发送的“ RRC连接重建请求”消息（RRCConnectionReestablishmentRequest）（3GPP TS 36.331），或者定时器超时，指示切换出失败，按原因统计。 | G54: CC | H54: 整数 | I54: 次 | J54: EutranCellTdd EutranCellFdd | K54: 15分钟 | L54: 15分钟 | M54: 是
B55: C | C55: HO.FailOut._Cause | D55: 分原因的切换出失败次数
B56: C | C56: HO.FailOut.1._Cause | D56: QCI=1分原因的切换出失败次数
A57: ENBHD20 | B57: B | C57: HO.AttPrepInc | D57: eNB间切换入请求次数 | E57: 统计eNB间切换入请求次数。 | F57: 统计目标eNB收到源eNB发送的“切换请求”消息（HANDOVER REQUEST）个数（3GPP TS 36.423），或目标eNB收到MME发送的“切换请求”消息个数（HANDOVER REQUEST）（3GPP TS 36.413） | G57: CC | H57: 整数 | I57: 次 | J57: EutranCellTdd EutranCellFdd | K57: 15分钟 | L57: 15分钟 | M57: 是
A58: ENBHD21 | B58: B | C58: HO.SuccPrepInc | D58: eNB间切换入准备成功次数 | E58: 统计eNB间切换入准备成功次数。 | F58: 统计目标eNB向源eNB发送的“切换请求确认”消息个数（HANDOVER REQUEST ACKNOWLEDGE）（3GPP TS 36.423），或目标eNB向MME发送的“切换请求确认”消息个数（HANDOVER REQUEST ACKNOWLEDGE）（3GPP TS 36.413）； | G58: CC | H58: 整数 | I58: 次 | J58: EutranCellTdd EutranCellFdd | K58: 15分钟 | L58: 15分钟 | M58: 否
A59: ENBHD22 | B59: B | C59: HO.FailPrepInc | D59: eNB间切换入准备失败次数 | E59: 统计切换入准备失败次数，并按原因分类统计。 | F59: 统计目标eNB向源eNB发送的“切换准备失败”消息个数（HANDOVER PREPARATION FAILURE）（3GPP TS 36.423），或目标eNB向MME发送的“切换失败”消息个数（HANDOVER FAILURE）（3GPP TS 36.413）。 注：根据3GPP TS 23.401，即使目标eNB向目标MME返回Handover Request Acknowledge,如果EPS Bearer Setup list IE不包括缺省承载，目标MME也将向源MME发送Forwad Relocation Response(Reject)，切换准备最终是失败的，但目标eNB不能判断出来，因此这种情况未考虑在内。 | G59: CC | H59: 整数 | I59: 次 | J59: EutranCellTdd EutranCellFdd | K59: 15分钟 | L59: 15分钟 | M59: 是
B60: C | C60: HO.FailPrepInc._Cause | D60: 分原因的eNB间切换入准备失败次数
A61: ENBHD23 | B61: A | C61: HO.SuccExecInc | D61: 切换入成功次数 | E61: 统计切换入执行成功次数。 | F61: 统计eNB收到UE发送的RRCConnectionReconfigurationComplete消息次数（eNB内切换），或目标eNB向MME发送HANDOVER NOTIFY或者向源eNodeB发送UE CONTEXT RELEASE的消息（eNB间切换）次数之和.（3GPP TS 36.413）；(包含2G/3G/LTE) | G61: CC | H61: 整数 | I61: 次 | J61: EutranCellTdd EutranCellFdd | K61: 15分钟 | L61: 15分钟 | M61: 否
A62: ENBHD24 | B62: CA | C62: HO.AttOut.LB | D62: 负载原因切换出请求次数 | E62: 统计负载均衡原因切换出请求次数。 | F62: 基于负载均衡原因，源eNB向目标eNB发送的“切换请求”消息（HANDOVER REQUEST）（3GPP TS 36.423），指示eNB间通过X2接口的切换出准备请求；或基于负载均衡原因，eNB向UE发送携带mobilityControlInfo 的“RRC连接重配置”消息（RRCConnectionReconfiguration），指示eNB内小区间切换出请求（3GPP TS 36.331）。向不同小区发送的同一切换准备请求，重复统计。 | G62: CC | H62: 整数 | I62: 次 | J62: EutranCellTdd EutranCellFdd | K62: 15分钟 | L62: 15分钟 | M62: 否 | N62: CA条件：开启负载均衡功能
A63: ENBHD25 | B63: CA | C63: HO.SuccOut.LB | D63: 负载原因切换出成功次数 | E63: 统计负载均衡原因切换出成功次数。 | F63: 基于负载均衡原因，源eNB收到目标eNB发送的“UE上下文释放”消息（UE CONTEXT RELEASE）（3GPP TS 36.423），指示eNB间通过X2接口的切换出执行成功；或基于负载均衡原因，eNB收到UE发送的“RRC连接重配置完成”消息（RRCConnectionReconfigurationComplete），指示eNB内小区间切换出成功（3GPP TS 36.331）。 | G63: CC | H63: 整数 | I63: 次 | J63: EutranCellTdd EutranCellFdd | K63: 15分钟 | L63: 15分钟 | M63: 否 | N63: CA条件：开启负载均衡功能
A64: ENBHD26 | B64: B | C64: HO.MeasConfMsg.LB | D64: 基于负载均衡的测量控制消息个数 | E64: 统计小区下发基于负载均衡的测量控制消息个数。 | F64: 统计基于负荷均衡原因eNB向UE发送的RRCConnectionReconfiguration消息中包含MeasureConfig个数（3GPP TS 36.413） | G64: CC | H64: 整数 | I64: 个 | J64: EutranCellTdd EutranCellFdd | K64: 15分钟 | L64: 15分钟 | M64: 否
A65: ENBHD27 | B65: B | C65: HO.MeasReportMsg.LB | D65: 基于负载均衡的测量报告个数 | E65: 统计小区收到基于负载均衡的测量报告个数。 | F65: 统计基于负荷均衡原因eNB向UE下发测量控制之后收到对应UE发送上来MeasureReport（3GPP TS 36.413）； | G65: CC | H65: 整数 | I65: 个 | J65: EutranCellTdd EutranCellFdd | K65: 15分钟 | L65: 15分钟 | M65: 否

Sheet HE
A1: 统计编码 | B1: 重要度 | C1: 英文名称 | D1: 中文名称 | E1: 定义 | F1: 触发点 | G1: 采集方式 | H1: 数据类型 | I1: 单位 | J1: 空间粒度 | K1: 时间粒度 | L1: 上报周期 | M1: 测试要求 | N1: 备注
A2: ENBHE01 | B2: C | C2: IRATHO.AttOutGeran | D2: 切换至2G请求次数 | E2: 统计系统间切换出请求次数（EPS->GERAN）。 | F2: 源eNB向MME发送的“切换请求”消息（HANDOVER REQUIRED），Handover Type IE（LTEtoGERAN）指示系统间（EUTRAN->GERAN）切换请求。（3GPP TS36.413） | G2: CC | H2: 整数 | I2: 次 | J2: EutranCellTdd EutranCellFdd | K2: 15分钟 | L2: 15分钟 | M2: 是 | N2: 在中国移动场景，也就是eSRVCC切换请求次数
A3: ENBHE02 | B3: C | C3: IRATHO.SuccPrepOutGeran | D3: 切换至2G准备成功次数 | E3: 统计系统间切换出准备成功次数（EPS-> GERAN）。 | F3: 源eNB收到MME发送的“切换命令”消息（HANDOVER COMMAND），指示系统间（EUTRAN-> GERAN）切换准备成功。（3GPP TS36.413） | G3: CC | H3: 整数 | I3: 次 | J3: EutranCellTdd EutranCellFdd | K3: 15分钟 | L3: 15分钟 | M3: 是 | N3: 在中国移动场景，也就是eSRVCC切换准备成功次数
A4: ENBHE03 | B4: C | C4: IRATHO.FailPrepOutGeran | D4: 切换至2G准备失败次数 | E4: 统计系统间切换出准备失败次数（EPS-> GERAN），按原因统计。 | F4: 源eNB收到MME发送的“切换准备失败”消息（HANDOVER PREPARATION FAILURE），或定时器超时，指示系统间（EUTRAN-> GERAN）切换准备失败，按原因统计。（3GPP TS36.413） | G4: CC | H4: 整数 | I4: 次 | J4: EutranCellTdd EutranCellFdd | K4: 15分钟 | L4: 15分钟 | M4: 是 | N4: 在中国移动场景，也就是eSRVCC切换准备失败次数
B5: C | C5: IRATHO.FailPrepOutGeran._Cause | D5: 分原因的切换至2G准备失败次数
A6: ENBHE04 | B6: C | C6: IRATHO.SuccOutGeran | D6: 切换至2G成功次数 | E6: 统计系统间切换出执行成功次数（EPS-> GERAN）。 | F6: 源eNB接收到MME发送的“UE上下文释放”消息（UE CONTEXT RELEASE COMMAND），且消息中携带原因值为Successful Handover，指示系统间（EUTRAN-> GERAN）切换执行成功。（3GPP TS36.413） | G6: CC | H6: 整数 | I6: 次 | J6: EutranCellTdd EutranCellFdd | K6: 15分钟 | L6: 15分钟 | M6: 是 | N6: 在中国移动场景，也就是eSRVCC切换成功次数
A7: ENBHE05 | B7: A | C7: IRATHO.AvgTimeOutGeran | D7: 切换至2G平均时长 | E7: 统计系统间切换出的平均时长（EPS-> GERAN）。 | F7: 各次成功的LTE至2G切换的切换时长的平均值。切换时长为源eNB向MME发送的HANDOVER REQUIRED(Handover Type IE指示为LTEtoGERAN）消息和源eNB接收到MME发送的UE CONTEXT RELEASE COMMAND消息之间的时长。 切换执行时长为源eNB接收到MME发送的HANDOVER COMMAND消息到源eNB接收到MME发送的UE CONTEXT RELEASE COMMAND消息（原因值为Successful Handvoer）之间的时长。 | G7: DER(n=1) | H7: 整数 | I7: ms | J7: EutranCellTdd EutranCellFdd | K7: 15分钟 | L7: 15分钟 | M7: 否 | N7: 无成功切换时此值报“-”（英文减号）
B8: A | C8: IRATHO.AvgTimeOutGeran.Exec | D8: 至2G切换执行平均时长 | G8: DER(n=1) | H8: 整数 | I8: ms | K8: 15分钟 | L8: 15分钟 | M8: 否 | N8: 无成功切换时此值报0
A9: ENBHE06 | B9: CC | C9: IRATHO.AttOutUtran | D9: 切换至3G请求次数 | E9: 统计系统间分组域切换出准备请求次数（EPS-> UTRAN）。 | F9: 源eNB向MME发送的“切换请求”消息（HANDOVER REQUIRED），指示系统间（EUTRAN-> UTRAN）分组域切换准备请求。（3GPP TS36.413） | G9: CC | H9: 整数 | I9: 次 | J9: EutranCellTdd EutranCellFdd | K9: 15分钟 | L9: 15分钟 | M9: 否 | N9: CC条件：存在3G场景时
A10: ENBHE07 | B10: CC | C10: IRATHO.SuccPrepOutUtran | D10: 切换至3G准备成功次数 | E10: 统计系统间分组域切换出准备成功次数（EPS-> UTRAN）。 | F10: 源eNB收到MME发送的“切换命令”消息（HANDOVER COMMAND），指示系统间（EUTRAN-> UTRAN）分组域切换准备成功。（3GPP TS36.413） | G10: CC | H10: 整数 | I10: 次 | J10: EutranCellTdd EutranCellFdd | K10: 15分钟 | L10: 15分钟 | M10: 否
A11: ENBHE08 | B11: CC | C11: IRATHO.FailPrepOutUtran | D11: 切换至3G准备失败次数 | E11: 统计系统间分组域切换出准备失败次数（EPS-> UTRAN），按原因统计。 | F11: 源eNB收到MME发送的“切换准备失败”消息（HANDOVER PREPARATION FAILURE），或定时器超时，指示系统间（EUTRAN-> UTRAN）分组域切换准备失败，按原因统计。（3GPP TS36.413） | G11: CC | H11: 整数 | I11: 次 | J11: EutranCellTdd EutranCellFdd | K11: 15分钟 | L11: 15分钟 | M11: 否
B12: CC | C12: IRATHO.FailPrepOutUtran._Cause | D12: 分原因的切换至3G准备失败次数
A13: ENBHE09 | B13: CC | C13: IRATHO.SuccOutUtran | D13: 切换至3G成功次数 | E13: 统计系统间分组域切换出执行成功次数（EPS-> UTRAN）。 | F13: 源eNB接收到MME发送的“UE上下文释放”消息（UE CONTEXT RELEASE COMMAND），且消息中携带原因值为Successful Handover，指示系统间（EUTRAN-> UTRAN）分组域切换执行成功。（3GPP TS36.413） | G13: CC | H13: 整数 | I13: 次 | J13: EutranCellTdd EutranCellFdd | K13: 15分钟 | L13: 15分钟 | M13: 否
A14: ENBHE10 | B14: CC | C14: IRATHO.AvgTimeOutUtran | D14: 切换至3G平均时长 | E14: 统计系统间分组域切换出的平均时长（EPS-> UTRAN）。 | F14: 各次成功的LTE至3G切换的切换时长的平均值。切换时长为源eNB向MME发送的HANDOVER REQUIRED(Handover Type IE指示为LTEtoUTRAN）消息和源eNB接收到MME发送的UE CONTEXT RELEASE COMMAND消息之间的时长。 | G14: DER(n=1) | H14: 整数 | I14: ms | J14: EutranCellTdd EutranCellFdd | K14: 15分钟 | L14: 15分钟 | M14: 否 | N14: 无成功切换时此值报“-”（英文减号） CC条件：存在3G场景时
A15: ENBHE11 | B15: C | C15: IRATHO.AttIncGeran | D15: 2G切入请求次数 | E15: 统计系统间分组域切换入准备请求次数（GERAN->EPS）。 | F15: 目标eNB收到MME发送的“切换请求”消息（HANDOVER REQUEST），Handover Type IE（GERANtoLTE）指示系统间分组域切换入准备请求。（3GPP TS 36.413）。 | G15: CC | H15: 整数 | I15: 次 | J15: EutranCellTdd EutranCellFdd | K15: 15分钟 | L15: 15分钟 | M15: 是
A16: ENBHE12 | B16: C | C16: IRATHO.SuccPrepIncGeran | D16: 2G切入准备成功次数 | E16: 统计系统间分组域切换入准备成功次数（GERAN->EPS）。 | F16: 目标eNB向MME发送“切换请求确认”消息（HANDOVER REQUEST ACKNOWLEDGE），指示系统间（GERAN->EUTRAN）分组域切换入准备成功。（3GPP TS 36.413）。 | G16: CC | H16: 整数 | I16: 次 | J16: EutranCellTdd EutranCellFdd | K16: 15分钟 | L16: 15分钟 | M16: 是
A17: ENBHE13 | B17: C | C17: IRATHO.FailPrepIncGeran | D17: 2G切入准备失败次数 | E17: 统计系统间分组域切换入准备失败次数（GERAN->EPS），按原因统计。 | F17: 目标eNB向MME发送“切换失败”消息（HANDOVER FAILURE），或定时器超时，指示系统间（GERAN->EUTRAN）分组域切换入准备失败，按原因统计。（3GPP TS 36.413）。 | G17: CC | H17: 整数 | I17: 次 | J17: EutranCellTdd EutranCellFdd | K17: 15分钟 | L17: 15分钟 | M17: 是
B18: C | C18: IRATHO.FailPrepIncGeran._Cause | D18: 分原因的2G切入准备失败次数
A19: ENBHE14 | B19: C | C19: IRATHO.SuccIncGeran | D19: 2G切入成功次数 | E19: 统计系统间分组域切换入成功次数（GERAN->EPS）。 | F19: 目标eNB向MME发送“切换通知”消息(Handover Notify),指示由2G切入LTE成功。(3GPP TS 36.413) | G19: CC | H19: 整数 | I19: 次 | J19: EutranCellTdd EutranCellFdd | K19: 15分钟 | L19: 15分钟 | M19: 是
A20: ENBHE15 | B20: CC | C20: IRATHO.AttIncUtran | D20: 3G切入请求次数 | E20: 统计系统间分组域切换入准备请求次数（UTRAN->EPS）。 | F20: 目标eNB收到MME发送的“切换请求”消息（HANDOVER REQUEST），Handover Type IE（UTRANtoLTE）指示系统间（UTRAN->EUTRAN）分组域切换入准备请求。（3GPP TS 36.413）。 | G20: CC | H20: 整数 | I20: 次 | J20: EutranCellTdd EutranCellFdd | K20: 15分钟 | L20: 15分钟 | M20: 否 | N20: CC条件：存在3G场景时
A21: ENBHE16 | B21: CC | C21: IRATHO.SuccPrepIncUtran | D21: 3G切入准备成功次数 | E21: 统计系统间分组域切换入准备成功次数（UTRAN->EPS）。 | F21: 目标eNB向MME发送“切换请求确认”消息（HANDOVER REQUEST ACKNOWLEDGE），指示系统间（UTRAN->EUTRAN）分组域切换入准备成功。（3GPP TS 36.413）。 | G21: CC | H21: 整数 | I21: 次 | J21: EutranCellTdd EutranCellFdd | K21: 15分钟 | L21: 15分钟 | M21: 否
A22: ENBHE17 | B22: CC | C22: IRATHO.FailPrepIncUtran | D22: 3G切入准备失败次数 | E22: 统计系统间分组域切换入准备失败次数（UTRAN->EPS），按原因统计。 | F22: 目标eNB向MME发送“切换失败”消息（HANDOVER FAILURE），或定时器超时，指示系统间（UTRAN->EUTRAN）分组域切换入准备失败，按原因统计。（3GPP TS 36.413）。 | G22: CC | H22: 整数 | I22: 次 | J22: EutranCellTdd EutranCellFdd | K22: 15分钟 | L22: 15分钟 | M22: 否
B23: CC | C23: IRATHO.FailPrepIncUtran._Cause | D23: 分原因的3G切入准备失败次数
A24: ENBHE18 | B24: CC | C24: IRATHO.SuccIncUtran | D24: 3G切入成功次数 | E24: 统计系统间分组域切换入成功次数（UTRAN->EPS）。 | F24: 目标eNB向MME发送“切换通知”消息(Handover Notify),指示由3G切入LTE成功。(3GPP TS 36.413) | G24: CC | H24: 整数 | I24: 次 | J24: EutranCellTdd EutranCellFdd | K24: 15分钟 | L24: 15分钟 | M24: 否
A25: ENBHE19 | B25: C | C25: IRATHO.AttOut5GS | D25: 切换至5G请求次数 | E25: 统计系统间切换出请求次数（EPS->5GS）。 | F25: 源eNB向MME发送的“切换请求”消息（HANDOVER REQUIRED），Handover Type IE（EPSto5GS）指示系统间（EPS->5GS）切换请求。（3GPP TS36.413） | G25: CC | H25: 整数 | I25: 次 | J25: EutranCellTdd EutranCellFdd | K25: 15分钟 | L25: 15分钟 | M25: 是
A26: ENBHE20 | B26: C | C26: IRATHO.SuccPrepOut5G | D26: 切换至5G准备成功次数 | E26: 统计系统间切换出准备成功次数（EPS->5GS）。 | F26: 源eNB收到MME发送的“切换命令”消息（HANDOVER COMMAND），指示系统间（EPS->5GS）切换准备成功。（3GPP TS36.413） | G26: CC | H26: 整数 | I26: 次 | J26: EutranCellTdd EutranCellFdd | K26: 15分钟 | L26: 15分钟 | M26: 是
A27: ENBHE21 | B27: C | C27: IRATHO.FailPrepOut5G | D27: 切换至5G准备失败次数 | E27: 统计系统间切换出准备失败次数（EPS->5GS），按原因统计。 | F27: 源eNB收到MME发送的“切换准备失败”消息（HANDOVER PREPARATION FAILURE），或定时器超时，指示系统间（EPS->5GS）切换准备失败，按原因统计。（3GPP TS36.413） | G27: CC | H27: 整数 | I27: 次 | J27: EutranCellTdd EutranCellFdd | K27: 15分钟 | L27: 15分钟 | M27: 是
B28: C | C28: IRATHO.FailPrepOut5G._Cause | D28: 分原因的切换至5G准备失败次数
A29: ENBHE22 | B29: C | C29: IRATHO.SuccOut5G | D29: 切换至5G成功次数 | E29: 统计系统间切换出执行成功次数（EPS->5GS）。 | F29: 源eNB接收到MME发送的“UE上下文释放”消息（UE CONTEXT RELEASE COMMAND），且消息中携带原因值为Successful Handover，指示系统间（EPS->5GS）切换执行成功。（3GPP TS36.413） | G29: CC | H29: 整数 | I29: 次 | J29: EutranCellTdd EutranCellFdd | K29: 15分钟 | L29: 15分钟 | M29: 是
A30: ENBHE23 | B30: A | C30: IRATHO.AvgTimeOut5G | D30: 切换至5G平均时长 | E30: 统计系统间切换出的平均时长（EPS->5GS）。 | F30: 各次成功的LTE至5G切换的切换时长的平均值。切换时长为源eNB向MME发送的HANDOVER REQUIRED(Handover Type IE指示为EPSto5GS）消息和源eNB接收到MME发送的UE CONTEXT RELEASE COMMAND消息之间的时长。 切换执行时长为源eNB接收到MME发送的HANDOVER COMMAND消息到源eNB接收到MME发送的UE CONTEXT RELEASE COMMAND消息（原因值为Successful Handvoer）之间的时长。 | G30: DER(n=1) | H30: 整数 | I30: ms | J30: EutranCellTdd EutranCellFdd | K30: 15分钟 | L30: 15分钟 | M30: 否 | N30: 无成功切换时此值报“-”（英文减号）
B31: A | C31: IRATHO.AvgTimeOut5G.Exec | D31: 至5G切换执行平均时长
A32: ENBHE24 | B32: C | C32: IRATHO.AttInc5G | D32: 5G切入请求次数 | E32: 统计系统间切换入准备请求次数（5GS->EPS）。 | F32: 目标eNB收到MME发送的“切换请求”消息（HANDOVER REQUEST），Handover Type IE（5GStoEPS）指示系统间切换入准备请求。（3GPP TS 36.413）。 | G32: CC | H32: 整数 | I32: 次 | J32: EutranCellTdd EutranCellFdd | K32: 15分钟 | L32: 15分钟 | M32: 是
A33: ENBHE25 | B33: C | C33: IRATHO.SuccPrepInc5G | D33: 5G切入准备成功次数 | E33: 统计系统间切换入准备成功次数（5GS->EPS）。 | F33: 目标eNB向MME发送“切换请求确认”消息（HANDOVER REQUEST ACKNOWLEDGE），指示系统间（5GS->EPS）切换入准备成功。（3GPP TS 36.413）。 | G33: CC | H33: 整数 | I33: 次 | J33: EutranCellTdd EutranCellFdd | K33: 15分钟 | L33: 15分钟 | M33: 是
A34: ENBHE26 | B34: C | C34: IRATHO.FailPrepInc5G | D34: 5G切入准备失败次数 | E34: 统计系统间切换入准备失败次数（5GS->EPS），按原因统计。 | F34: 目标eNB向MME发送“切换失败”消息（HANDOVER FAILURE），或定时器超时，指示系统间（5GS->EPS）切换入准备失败，按原因统计。（3GPP TS 36.413）。 | G34: CC | H34: 整数 | I34: 次 | J34: EutranCellTdd EutranCellFdd | K34: 15分钟 | L34: 15分钟 | M34: 是
B35: C | C35: IRATHO.FailPrepInc5G._Cause | D35: 分原因的5G切入准备失败次数
A36: ENBHE27 | B36: C | C36: IRATHO.SuccInc5G | D36: 5G切入成功次数 | E36: 统计系统间切换入成功次数（5GS->EPS）。 | F36: 目标eNB向MME发送“切换通知”消息(Handover Notify),指示由5G切入LTE成功。(3GPP TS 36.413) | G36: CC | H36: 整数 | I36: 次 | J36: EutranCellTdd EutranCellFdd | K36: 15分钟 | L36: 15分钟 | M36: 是

Sheet HF
A1: 统计编码 | B1: 重要度 | C1: 英文名称 | D1: 中文名称 | E1: 定义 | F1: 触发点 | G1: 采集方式 | H1: 数据类型 | I1: 单位 | J1: 空间粒度 | K1: 时间粒度 | L1: 上报周期 | M1: 测试要求 | N1: 备注
A2: ENBHF01 | B2: B | C2: HO.AttOutPerRelation | D2: 系统内每相邻关系切换出请求次数 | E2: 统计系统内小区间切换出请求次数，并按切换原因分类统计。单独统计QCI=1的系统内每相邻关系切换出请求次数。 注：本测量不包括eNB内切换。 | F2: 源eNB向MME发送的“切换请求”(HANDOVER REQUIRED)(3GPP TS36.413)消息；或者源eNB向目标eNB发送的“切换请求”(HANDOVER REQUEST)（TS36.423）消息。 | G2: CC | H2: 整数 | I2: 次 | J2: EutranRelation | K2: 15分钟 | L2: 15分钟 | M2: 否
B3: C | C3: HO.AttOutPerRelation._Cause | D3: 分原因的系统内每相邻关系切换出请求次数
B4: B | C4: HO.AttOutPerRelation.1 | D4: QCI=1系统内每相邻关系切换出请求次数
A5: ENBHF02 | B5: B | C5: HO.SuccOutPrepPerRelation | D5: 系统内每相邻关系切换出准备成功次数 | E5: 统计系统内小区间切换出准备成功次数。 单独统计QCI=1的系统内每相邻关系切换出准备成功次数。 注：本测量不包括eNB内切换。 | F5: 源eNB收到MME发送的“切换命令”(HANDOVER COMMAND)(3GPP TS36.413)消息；或者源eNB收到目标eNB发送的“切换请求确认”(HANDOVER REQUEST ACKNOWLEDGE)（TS36.423）消息。 | G5: CC | H5: 整数 | I5: 次 | J5: EutranRelation | K5: 15分钟 | L5: 15分钟 | M5: 否
B6: B | C6: HO.SuccOutPrepPerRelation.1 | D6: QCI=1系统内每相邻关系切换出准备成功次数 | F6: 源eNB收到MME发送的“切换命令”(HANDOVER COMMAND)(3GPP TS36.413)消息；或者源eNB收到目标eNB发送的“切换请求确认”(HANDOVER REQUEST ACKNOWLEDGE)（TS36.423）消息。 | G6: CC | H6: 整数 | I6: 次 | K6: 15分钟 | L6: 15分钟 | M6: 否
A7: ENBHF03 | B7: B | C7: HO.AttOutExecPerRelation | D7: 系统内每相邻关系切换出执行请求次数 | E7: 统计系统内小区间切换出执行请求次数。单独统计QCI=1的系统内每相邻关系切换出执行请求次数。 注，本测量包括eNB内的切换。 | F7: 源eNB向UE发送包含“mobilityControlInformation”的“RRC连接重配”消息（RRCConnectionReconfiguration），指示系统内小区间切换出请求。（3GPP TS36.331） | G7: CC | H7: 整数 | I7: 次 | J7: EutranRelation | K7: 15分钟 | L7: 15分钟 | M7: 否
B8: B | C8: HO.AttOutExecPerRelation.1 | D8: QCI=1系统内每相邻关系切换出执行请求次数 | F8: 源eNB向UE发送包含“mobilityControlInformation”的“RRC连接重配”消息（RRCConnectionReconfiguration），指示系统内小区间切换出请求。（3GPP TS36.331） | G8: CC | H8: 整数 | I8: 次 | K8: 15分钟 | L8: 15分钟 | M8: 否
A9: ENBHF04 | B9: B | C9: HO.SuccOutPerRelation | D9: 系统内每相邻关系切换出成功次数 | E9: 统计系统内小区间切换成功次数。单独统计QCI=1系统内每相邻关系切换出成功次数。 | F9: 对于X2接口切换:源eNB收到目标eNB发送的“UE上下文释放”（UE CONTEXT RELEASE）（TS36.423)消息； 对于S1接口切换：源eNB收到MME发送的“UE上下文释放命令”（UE CONTEXT RELEASE COMMAND）(3GPP TS36.413)消息； 对于eNB内的切换：eNB收到UE发送的RRCConnectionReconfigurationComplete消息。 | G9: CC | H9: 整数 | I9: 次 | J9: EutranRelation | K9: 15分钟 | L9: 15分钟 | M9: 否
B10: B | C10: HO.SuccOutPerRelation.1 | D10: QCI=1系统内每相邻关系切换出成功次数 | F10: 对于X2接口切换:源eNB收到目标eNB发送的“UE上下文释放”（UE CONTEXT RELEASE）（TS36.423)消息； 对于S1接口切换：源eNB收到MME发送的“UE上下文释放命令”（UE CONTEXT RELEASE COMMAND）(3GPP TS36.413)消息； 对于eNB内的切换：eNB收到UE发送的RRCConnectionReconfigurationComplete消息。 | G10: CC | H10: 整数 | I10: 次 | K10: 15分钟 | L10: 15分钟 | M10: 否
A11: ENBHF05 | B11: C | C11: HO.OutFailTooEarly | D11: 过早切换出失败次数 | E11: 统计移动鲁棒性优化(MRO)相关的切换出失败次数 | F11: 通过检测eNB切换失败事件（3GPP TS 36.300），统计由于过早切换引起的切换出失败次数。 | G11: CC | H11: 整数 | I11: 次 | J11: EutranRelation | K11: 15分钟 | L11: 15分钟 | M11: 否
A12: ENBHF06 | B12: C | C12: HO.OutFailTooLate | D12: 过晚切换出失败次数 | E12: 统计移动鲁棒性优化(MRO)相关的切换出失败次数 | F12: 通过检测eNB切换失败事件（3GPP TS 36.300），统计由于过晚切换引起的切换出失败次数。 | G12: CC | H12: 整数 | I12: 次 | J12: EutranRelation | K12: 15分钟 | L12: 15分钟 | M12: 否
A13: ENBHF07 | B13: C | C13: HO.OutFailToWrongCell | D13: 到错误小区的切换出失败次数 | E13: 统计移动鲁棒性优化(MRO)相关的切换出失败次数 | F13: 通过检测eNB切换失败事件（3GPP TS 36.300），统计由于切换到错误小区引起的切换出失败次数。 | G13: CC | H13: 整数 | I13: 次 | J13: EutranRelation | K13: 15分钟 | L13: 15分钟 | M13: 否
A14: ENBHF08 | B14: B | C14: HO.OutPrepFail.CauseTCellNoResponse | D14: 系统内每相邻关系目标小区无响应原因导致的切换出准备失败次数 | E14: 统计由于定时器超时导致的切换出准备失败 | F14: S1切换时源eNB给MME发送HANDOVER REQUIRED消息后，定时器TS1RELOCprep超时，指示切换出准备失败（参见3GPP TS 36.413）；或X2切换时源eNB给目标eNB发送HANDOVER REQUEST消息后，定时器TRELOCprep超时，指示切换出准备失败（参见3GPP TS 36.423）。 | G14: CC | H14: 整数 | I14: 次 | J14: EutranRelation | K14: 15分钟 | L14: 15分钟 | M14: 是
A15: ENBHF09 | B15: B | C15: HO.OutPrepFail.CauseHOPrepFailureMsg | D15: 系统内每相邻关系目标小区回复切换准备失败消息导致切换出准备失败次数 | E15: 统计由于目标小区回复切换准备失败消息导致的切换出准备失败 | F15: S1切换时源eNB收到MME发送的“切换准备失败”消息（HANDOVER PREPARATION FAILURE）（3GPP TS 36.413），或X2切换时源eNB收到目标eNB发送的“切换准备失败”（HANDOVER PREPARATION FAILURE）消息。 | G15: CC | H15: 整数 | I15: 次 | J15: EutranRelation | K15: 15分钟 | L15: 15分钟 | M15: 是
A16: ENBHF10 | B16: B | C16: HO.PingPong | D16: 乒乓切换次数 | E16: 统计基于两两邻区关系的乒乓切换次数。 | F16: 根据用户的历史信息进行判断，如果用户从源小区切换到目标邻区，乒乓切换定时器超时前又成功切换回源小区，则统计值加1。 | G16: CC | H16: 整数 | I16: 次 | J16: EutranRelation | K16: 15分钟 | L16: 15分钟 | M16: 否

Sheet HG
A1: 统计编码 | B1: 重要度 | C1: 英文名称 | D1: 中文名称 | E1: 定义 | F1: 触发点 | G1: 采集方式 | H1: 数据类型 | I1: 单位 | J1: 空间粒度 | K1: 时间粒度 | L1: 上报周期 | M1: 测试要求 | N1: 备注
A2: ENBHG01 | B2: A | C2: PAG.PagReceived | D2: 寻呼记录接收个数 | E2: 统计E-UTRAN从MME收到的的寻呼个数。 | F2: eNB从MME成功收到的“寻呼”消息(PAGING),且TAI List含有本小区的TA（3GPP TS 36.413）。 | G2: CC | H2: 整数 | I2: 个 | J2: EutranCellTdd EutranCellFdd | K2: 15分钟 | L2: 15分钟 | M2: 否
A3: ENBHG02 | B3: CA | C3: PAG.PagDiscarded | D3: 寻呼记录丢弃个数 | E3: 统计eNB丢弃的寻呼个数。 | F3: 对本小区的寻呼记录，由于各种原因（例如拥塞等）直接丢弃的寻呼记录总数 | G3: CC | H3: 整数 | I3: 个 | J3: EutranCellTdd EutranCellFdd | K3: 15分钟 | L3: 15分钟 | M3: 否 | N3: CA条件：网络拥塞或故障时

Sheet HH
A1: 统计编码 | B1: 重要度 | C1: 英文名称 | D1: 中文名称 | E1: 定义 | F1: 触发点 | G1: 采集方式 | H1: 数据类型 | I1: 单位 | J1: 空间粒度 | K1: 时间粒度 | L1: 上报周期 | M1: 测试要求 | N1: 备注
A2: ENBHH01 | B2: A | C2: PDCP.UpOctUl | D2: 小区用户面上行字节数 | E2: 在测量周期内，累加小区用户面通过空口成功接收的PDCP SDU字节数，即小区用户面PDCP层从下层接收到的PDCP SDU字节数，并应该按照承载的QCI类型分类统计。 单独统计上行CA激活用户的小区用户面上行字节数。 | F2: 无 | G2: CC | H2: 实数 | I2: KByte | J2: EutranCellTdd EutranCellFdd | K2: 15分钟 | L2: 15分钟 | M2: 否 | N2: 1KByte=1000Byte
B3: CB | C3: PDCP.UpOctUl.eMTC | D3: eMTC终端小区用户面上行字节数 | N3: 注1：1KByte=1000Byte 注2：CB条件：eMTC功能开启时，针对eMTC终端的统计
B4: B | C4: PDCP.UpOctUl._Qci | D4: 分QCI的小区用户面上行字节数
B5: CA | C5: PDCP.UpOctUl.CA | D5: 上行CA激活用户的小区用户面上行字节数 | N5: CA条件：开启载波聚合功能时，进行相关统计
A6: ENBHH02 | B6: A | C6: PDCP.UpOctDl | D6: 小区用户面下行字节数 | E6: 在测量周期内，累加小区用户面通过空口成功发送的PDCP SDU字节数，即小区用户面PDCP层向下层发送的SDU字节数，并按照承载的QCI类型分类统计。成功发送定义为收到UE对PDCP SDU的最后一个分片的ACK确认，具体为UM模式下为MAC层ACK;AM模式下为RLC层ACK。字节数的统计在PDCP层，统计压缩之后的字节数。 单独统计下行CA激活用户的小区用户面下行字节数。 注1：该测量不包括切换过程中，通过X2或S1接口转发到其它eNB的PDCP SDU字节数。 注2：该测量不考虑低层是否重传或传送失败。 | F6: 无 | G6: CC | H6: 实数 | I6: KByte | J6: EutranCellTdd EutranCellFdd | K6: 15分钟 | L6: 15分钟 | M6: 否 | N6: 1KByte=1000Byte
B7: CB | C7: PDCP.UpOctDl.eMTC | D7: eMTC终端小区用户面下行字节数 | N7: 注1：1KByte=1000Byte 注2：CB条件：eMTC功能开启时，针对eMTC终端的统计
B8: B | C8: PDCP.UpOctDl._Qci | D8: 分QCI的小区用户面下行字节数 | N8: 1KByte=1000Byte 支持扩展QCI
B9: CA | C9: PDCP.UpOctDl.CA | D9: 下行CA激活用户的小区用户面下行字节数 | N9: 注1：1KByte=1000Byte 注2：CA条件：开启载波聚合功能时，进行相关统计
A10: ENBHH03 | B10: B | C10: PDCP.CpOctUl | D10: 小区控制面上行字节数 | E10: 在测量周期内，累加小区控制面通过空口成功接收的PDCP SDU字节数，即小区控制面PDCP层从下层接收到的PDCP SDU字节数。 | F10: 无 | G10: CC | H10: 实数 | I10: KByte | J10: EutranCellTdd EutranCellFdd | K10: 15分钟 | L10: 15分钟 | M10: 否 | N10: 1KByte=1000Byte
A11: ENBHH04 | B11: B | C11: PDCP.CpOctDl | D11: 小区控制面下行字节数 | E11: 在测量周期内，累加小区控制面通过空口成功发送的PDCP SDU字节数，统计小区控制面PDCP层向下层发送的SDU字节数。成功发送定义为收到UE对PDCP SDU的最后一个分片的ACK确认。 | F11: 无 | G11: CC | H11: 实数 | I11: KByte | J11: EutranCellTdd EutranCellFdd | K11: 15分钟 | L11: 15分钟 | M11: 否 | N11: 1KByte=1000Byte
A12: ENBHH05 | B12: B | C12: PDCP.NbrPktUl | D12: 小区上行包数 | E12: 在测量周期内，统计小区上行eNB期望接收到的PDCP总包数 ，并区分QCI分别进行统计。 | F12: 无 | G12: CC | H12: 整数 | I12: 个 | J12: EutranCellTdd EutranCellFdd | K12: 15分钟 | L12: 15分钟 | M12: 否 | N12: 1KByte=1000Byte
B13: B | C13: PDCP.NbrPktUl._Qci | D13: 分QCI的小区上行包数 | N13: 1KByte=1000Byte支持扩展QCI
A14: ENBHH06 | B14: B | C14: PDCP.NbrPktLossUl | D14: 小区上行丢包数 | E14: 统计小区上行eNB发现丢失的PDCP包序列号的总数，并区分QCI分别进行统计 | F14: 无 | G14: CC | H14: 整数 | I14: 个 | J14: EutranCellTdd EutranCellFdd | K14: 15分钟 | L14: 15分钟 | M14: 否
B15: B | C15: PDCP.NbrPktLossUl._Qci | D15: 分QCI的小区上行丢包数 | N15: 支持扩展QCI
A16: ENBHH07 | B16: B | C16: PDCP.NbrPktDl | D16: 小区下行包数 | E16: 统计小区下行eNB发送的PDCP总包数 ，不含重发，但包含丢包，并区分QCI分别进行统计。 注：本测量=小区下行PDCP层从上层接收到的包数-小区下行PDCP层弃包数。 | F16: 无 | G16: CC | H16: 整数 | I16: 个 | J16: EutranCellTdd EutranCellFdd | K16: 15分钟 | L16: 15分钟 | M16: 否
B17: B | C17: PDCP.NbrPktDl._Qci | D17: 分QCI的小区下行包数 | N17: 支持扩展QCI
A18: ENBHH08 | B18: B | C18: PDCP.NbrPktLossDl | D18: 小区下行丢包数 | E18: 统计小区下行eNB发送丢失的PDCP总包数。注：下行发送是否丢失，需要结合HARQ的结果来判断。 | F18: 无 | G18: CC | H18: 整数 | I18: 个 | J18: EutranCellTdd EutranCellFdd | K18: 15分钟 | L18: 15分钟 | M18: 否
B19: B | C19: PDCP.NbrPktLossDl._Qci | D19: 分QCI的小区下行丢包数 | N19: 支持扩展QCI
A20: ENBHH10 | B20: B | C20: PDCP.UpPktDiscardDl | D20: 小区下行弃包数 | E20: 统计小区下行eNB的弃包数。弃包指由于拥塞、流量管理等因素，数据包未在空口中传输。 | F20: 无 | G20: CC | H20: 整数 | I20: 个 | J20: EutranCellTdd EutranCellFdd | K20: 15分钟 | L20: 15分钟 | M20: 否
B21: B | C21: PDCP.UpPktDiscardDl._Qci | D21: 分QCI的小区下行弃包数
A22: ENBHH11 | B22: C | C22: PDCP.ThrpTimeUL | D22: 小区PDCP层接收上行数据的业务总时长 | E22: 在小区范围内，累加每个UE每个E-RAB的激活DRB的上行PDCP缓存不为空总时长（不含最后一个TTI）。上行PDCP缓存是否为空的判断依赖于BSR上报（对小数据包和半持续调度业务难以统计）。每个QCI类型对应一个子测量项。当分QCI统计时，统计精度还与LCG划分和小区负荷有关。 单独统计上行CA激活用户的小区PDCP层接收上行数据的业务总时长。 | F22: 无 | G22: CC | H22: 整数 | I22: ms | J22: EutranCellTdd EutranCellFdd | K22: 15分钟 | L22: 15分钟 | M22: 否
B23: B | C23: PDCP.ThrpTimeUL._Qci | D23: 分QCI的小区PDCP层接收上行数据的业务总时长
B24: CA | C24: PDCP.ThrpTimeUL.CA | D24: 上行CA激活用户的小区PDCP层接收上行数据的业务总时长 | N24: CA条件：开启载波聚合功能时，进行相关统计
A25: ENBHH12 | B25: C | C25: PDCP.ThrpTimeDL | D25: 小区PDCP层发送下行数据的业务总时长 | E25: 在小区范围内，累加每个UE每个E-RAB的激活DRB的下行PDCP缓存不为空总时长（不含最后一个TTI）。每个QCI类型对应一个子测量项。 单独统计下行CA激活用户的小区PDCP层发送下行数据的业务总时长。 | F25: 无 | G25: CC | H25: 整数 | I25: ms | J25: EutranCellTdd EutranCellFdd | K25: 15分钟 | L25: 15分钟 | M25: 否
B26: B | C26: PDCP.ThrpTimeDL._Qci | D26: 分QCI的小区PDCP层发送下行数据的业务总时长
B27: CA | C27: PDCP.ThrpTimeDL.CA | D27: 下行CA激活用户的小区PDCP层发送下行数据的业务总时长 | N27: CA条件：开启载波聚合功能时，进行相关统计
A28: ENBHH13 | B28: A | C28: PDCP.UpPktTotDelayDl | D28: 小区用户面下行总时延 | E28: 时延统计为从收到PDCP SDU到PDCP SDU成功发送之间所经历的时长，累加统计周期内所有的PDCP数据包时延，每个QCI类型对应一个子测量项。 成功发送定义为收到UE对PDCP SDU的最后一个分片的ACK确认，具体为UM模式下为MAC层ACK;AM模式下为RLC层ACK。 成功发送时间终点为PDCP SDU的最后一个分片在MAC层发出，即时延统计不包含ACK反馈所消耗的上行时间。（与3GPP TS 32.314有差异） | F28: 无 | G28: DER (n=1) | H28: 实数 | I28: ms | J28: EutranCellTdd EutranCellFdd | K28: 15分钟 | L28: 15分钟 | M28: 否
B29: B | C29: PDCP.UpPktTotDelayDl._Qci | D29: 分QCI的小区用户面下行总时延
A30: ENBHH14 | B30: A | C30: PDCP.UpLastTtiOctUl | D30: 小区用户面上行尾包字节数 | E30: 在测量周期内，累加缓存区清空前最后一个TTI通过空口成功接收的PDCP SDU字节数，按照承载的QCI类型分类统计。 单独统计上行CA激活用户的小区用户面上行尾包字节数. | F30: 无 | G30: CC | H30: 实数 | I30: KByte | J30: EutranCellTdd EutranCellFdd | K30: 15分钟 | L30: 15分钟 | M30: 否 | N30: 1KByte=1000Byte
B31: B | C31: PDCP.UpLastTtiOctUl._Qci | D31: 分QCI的小区用户面上行尾包字节数
B32: CA | C32: PDCP.UpLastTtiOctUl.CA | D32: 上行CA激活用户的小区用户面上行尾包字节数 | N32: 注1：1KByte=1000Byte 注2：CA条件：开启载波聚合功能时，进行相关统计
A33: ENBHH15 | B33: A | C33: PDCP.UpLastTtiOctDl | D33: 小区用户面下行尾包字节数 | E33: 在测量周期内，累加缓存区清空前最后一个TTI通过空口成功发送的PDCP SDU字节数。字节数的统计在PDCP层，统计压缩之后的字节数。 单独统计下行CA激活用户的小区用户面下行尾包字节数。 注1：该测量不包括切换过程中，通过X2或S1接口转发到其它eNB的PDCP SDU字节数。 注2：该测量不考虑低层是否重传或传送失败。 | F33: 无 | G33: CC | H33: 实数 | I33: KByte | J33: EutranCellTdd EutranCellFdd | K33: 15分钟 | L33: 15分钟 | M33: 否 | N33: 1KByte=1000Byte
B34: B | C34: PDCP.UpLastTtiOctDl._Qci | D34: 分QCI的小区用户面下行尾包字节数
B35: CA | C35: PDCP.UpLastTtiOctDl.CA | D35: 下行CA激活用户的小区用户面下行尾包字节数 | N35: 注1：1KByte=1000Byte 注2：CA条件：开启载波聚合功能时，进行相关统计

Sheet HI
A1: 统计编码 | B1: 重要度 | C1: 英文名称 | D1: 中文名称 | E1: 定义 | F1: 触发点 | G1: 采集方式 | H1: 数据类型 | I1: 单位 | J1: 空间粒度 | K1: 时间粒度 | L1: 上报周期 | M1: 测试要求 | N1: 备注
A2: ENBHI06 | B2: C | C2: RRU.RachPreambleRcvd | D2: 前导码接收数 | E2: 统计周期内，同一小区中所有物理随机接入信道所接收到的前导码数量，分别按照Dedicated、GroupA和GroupB统计。 | F2: 无 | G2: CC | H2: 整数 | I2: 个 | J2: EutranCellTdd EutranCellFdd | K2: 15分钟 | L2: 15分钟 | M2: 否
B3: C | C3: RRU.RachPreambleRcvd.Dedicated | D3: 专用RACH前导码接收数
B4: C | C4: RRU.RachPreambleRcvd.GroupA | D4: GroupA RACH前导码接收数
B5: C | C5: RRU.RachPreambleRcvd.GroupB | D5: GroupB RACH前导码接收数
A6: ENBHI09 | B6: A | C6: RRU.TtiTotUl | D6: 上行PUSCH TTI总数 | E6: 统计上行PUSCH 总TTI数。（小区能够提供的总数）。 | F6: 无 | G6: SI | H6: 整数 | I6: 个 | J6: EutranCellTdd EutranCellFdd | K6: 15分钟 | L6: 15分钟 | M6: 否
A7: ENBHI10 | B7: A | C7: RRU.TtiTotDl | D7: 下行PDSCH TTI总数 | E7: 统计下行PDSCH 总TTI数 (小区能够提供的总数，包含能传输业务信息的特殊TTI)。 | F7: 无 | G7: SI | H7: 整数 | I7: 个 | J7: EutranCellTdd EutranCellFdd | K7: 15分钟 | L7: 15分钟 | M7: 否
A8: ENBHI11 | B8: A | C8: RRU.BorrowFromScellPrbTotDl | D8: CA时借用Scell的PDSCH PRB总数 | E8: 统计CA场景，本小区作为PCell，借用其他小区下行PDSCH所有DRB承载所使用的PRB总数 | F8: 无 | G8: CC | H8: 整数 | I8: 个 | J8: EutranCellTdd EutranCellFdd | K8: 15分钟 | L8: 15分钟 | M8: 否
A9: ENBHI12 | B9: A | C9: RRU.LendToPCellPrbTotDl | D9: CA时被PCell借用的PDSCH PRB总数 | E9: 统计CA场景，本小区作为Scell，被其他小区借用的下行PDSCH所有DRB承载所使用的PRB总数 | F9: 无 | G9: CC | H9: 整数 | I9: 个 | J9: EutranCellTdd EutranCellFdd | K9: 15分钟 | L9: 15分钟 | M9: 否
A10: ENBHI15 | B10: B | C10: RRU.CellUnavailableTime | D10: 小区不可用总时长 | E10: 统计周期内，当eNodeB由于某种原因，小区退服时，记录退服时长。（参考规范3GPP 32.450）需单独统计节能原因退服导致小区不可用时长和S1接口故障原因导致小区不可用时长。 | F10: 无 | G10: DER(n=1) | H10: 整数 | I10: 秒 | J10: EutranCellTdd EutranCellFdd | K10: 15分钟 | L10: 15分钟 | M10: 否
B11: C | C11: RRU.CellUnavailableTime.CauseEnergySave | D11: 节能原因退服导致小区不可用时长
B12: C | C12: RRU.CellUnavailableTime.CauseS1failure | D12: S1接口故障原因导致小区不可用时长 | G12: CC | H12: 整数 | I12: 秒 | K12: 15分钟 | L12: 15分钟 | M12: 否
A13: ENBHI16 | B13: C | C13: RRU.PdcchCceAvail | D13: PDCCH信道CCE可用个数 | E13: 统计物理下行控制信道（PDCCH）可用的CCE个数。 对EutranCellTdd小区，单独统计TDD上行DCI所在子帧的PDCCH信道可用的CCE个数以及用于上行DCI的预留CCE个数（指RRU.PdcchCceAvail.UlDciSf测量项）。例如子帧配置 UL:DL =1:3, 3、8子帧的PDCCH可用于发送上行DCI。 | F13: 无 | G13: CC | H13: 整数 | I13: 个 | J13: EutranCellTdd EutranCellFdd | K13: 15分钟 | L13: 15分钟 | M13: 否 | N13: 如果开启CFI自适应，按照自适应符号数的可用CCE个数统计。
B14: C | C14: RRU.PdcchCceAvail.UlDciSf | D14: 上行DCI所在子帧的PDCCH信道CCE可用个数 | J14: EutranCellTdd
B15: C | C15: RRU.PdcchCceReserve.UlDciSf | D15: 上行DCI所在子帧的PDCCH信道为上行DCI预留的CCE个数 | G15: CC | H15: 整数 | I15: 个 | J15: EutranCellTdd | K15: 15分钟 | L15: 15分钟 | M15: 否 | N15: 如果开启CFI自适应，按照自适应符号数的可用CCE个数统计。
A16: ENBHI17 | B16: C | C16: RRU.TotMuMimoPrbUl | D16: 上行MU-MIMO占用PRB数 | E16: 统计上行MU-MIMO使用的PRB数目。一个PRB被多个UE配对使用，统计为1。 | F16: 无 | G16: CC | H16: 整数 | I16: 个 | J16: EutranCellTdd EutranCellFdd | K16: 15分钟 | L16: 15分钟 | M16: 否
A17: ENBHI18 | B17: B | C17: RRU.DtchPrbAssnUl | D17: 上行业务信道占用PRB数 | E17: 统计周期内PUSCH中DRB所占用的物理资源块（PRB）总数。单独统计PUSCH中QCI=1和2的DRB占用物理资源块（PRB）总数。 | F17: 无 | G17: CC | H17: 实数 | I17: 个 | J17: EutranCellTdd EutranCellFdd | K17: 15分钟 | L17: 15分钟 | M17: 否
B18: CB | C18: RRU.DtchPrbAssnUl.eMTC | D18: eMTC终端上行业务信道占用PRB总数 | N18: CB条件：eMTC功能开启时，针对eMTC终端的统计
B19: B | C19: RRU.DtchPrbAssnUl.1 | D19: 上行VoLTE占用PRB总数
B20: B | C20: RRU.DtchPrbAssnUl.2 | D20: 上行QCI2承载占用PRB总数 | G20: CC | H20: 实数 | I20: 个 | K20: 15分钟 | L20: 15分钟 | M20: 否
A21: ENBHI19 | B21: B | C21: RRU.DtchPrbAssnDl | D21: 下行业务信道占用PRB数 | E21: 统计周期内PDSCH中DRB所占用的物理资源块（PRB）总数。单独统计PDSCH中QCI=1和2的DRB占用物理资源块（PRB）总数。 | F21: 无 | G21: CC | H21: 实数 | I21: 个 | J21: EutranCellTdd EutranCellFdd | K21: 15分钟 | L21: 15分钟 | M21: 否
B22: CB | C22: RRU.DtchPrbAssnDl.eMTC | D22: eMTC终端下行业务信道占用PRB总数 | N22: CB条件：eMTC功能开启时，针对eMTC终端的统计
B23: B | C23: RRU.DtchPrbAssnDl.1 | D23: 下行VoLTE占用PRB总数
A24: ENBHI14 | B24: B | C24: RRU.DtchPrbAssnDl.2 | D24: 下行QCI2承载占用PRB总数 | G24: CC | H24: 实数 | I24: 个 | K24: 15分钟 | L24: 15分钟 | M24: 否
A25: ENBHI20 | B25: A | C25: RRU.PuschPrbAssn | D25: 上行PUSCH PRB占用数 | E25: 统计上行PUSCH所有（含用户面和控制面）的物理资源块数（PRB）占用数， 即为统计周期内上行PUSCH占用的所有的物理资源块（PRB）数。 单独统计上行频选调度的PUSCH PRB占用数。 | F25: 无 | G25: CC | H25: 实数 | I25: 个 | J25: EutranCellTdd EutranCellFdd | K25: 15分钟 | L25: 15分钟 | M25: 否
B26: CA | C26: RRU.PuschPrbAssn.UlFss | D26: 上行频选调度的PUSCH PRB占用数 | G26: CC | H26: 实数 | I26: 个 | K26: 15分钟 | L26: 15分钟 | M26: 否 | N26: CA条件：开启频选调度功能时，进行相关统计
A27: ENBHI21 | B27: A | C27: RRU.PdschPrbAssn | D27: 下行PDSCH PRB占用数 | E27: 统计下行PDSCH所有（含用户面和控制面）的物理资源块数（PRB）占用数。 即为统计周期内下行PDSCH占用的所有的物理资源块（PRB）数。 单独统计下行频选调度的PDSCH PRB占用数。 | F27: 无 | G27: CC | H27: 实数 | I27: 个 | J27: EutranCellTdd EutranCellFdd | K27: 15分钟 | L27: 15分钟 | M27: 否
B28: CA | C28: RRU.PdschPrbAssn.DlFss | D28: 下行频选调度的PDSCH PRB占用数 | F28: 无 | G28: CC | H28: 实数 | I28: 个 | K28: 15分钟 | L28: 15分钟 | M28: 否 | N28: CA条件：开启频选调度功能时，进行相关统计
A29: ENBHI22 | B29: A | C29: RRU.PdcchCceUtil | D29: PDCCH信道CCE占用个数 | E29: 统计物理下行控制信道（PDCCH）占用的CCE个数。 对EUtranCellTdd小区，单独统计TDD上行DCI所在子帧的PDCCH信道占用的CCE个数；单独统计TDD上行DCI所在子帧的PDCCH信道用于上行DCI的占用CCE个数（指RRU.PdcchCceUtil.UlDciSf、RRU.PdcchCceUtil.UlDciSfForUl测量项）。 | F29: 无 | G29: CC | H29: 整数 | I29: 个 | J29: EutranCellTdd EutranCellFdd | K29: 15分钟 | L29: 15分钟 | M29: 否
B30: C | C30: RRU.PdcchCceUtil.UlDciSf | D30: 上行DCI所在子帧的PDCCH信道CCE占用个数 | G30: CC | H30: 整数 | I30: 个 | J30: EutranCellTdd | K30: 15分钟 | L30: 15分钟 | M30: 否
B31: C | C31: RRU.PdcchCceUtil.UlDciSfForUl | D31: 上行DCI所在子帧的PDCCH信道上行DCI占用CCE个数
B32: C | C32: RRU.PdcchCceUtil.1 | D32: PDCCH信道CCE聚合度为1的占用个数 | J32: EutranCellTdd EutranCellFdd
B33: C | C33: RRU.PdcchCceUtil.2 | D33: PDCCH信道CCE聚合度为2的占用个数
B34: C | C34: RRU.PdcchCceUtil.4 | D34: PDCCH信道CCE聚合度为4的占用个数
B35: C | C35: RRU.PdcchCceUtil.8 | D35: PDCCH信道CCE聚合度为8的占用个数 | G35: CC | H35: 整数 | I35: 个 | K35: 15分钟 | L35: 15分钟 | M35: 否
A36: ENBHI23 | B36: A | C36: RRU.PuschPrbTot | D36: 上行PUSCH PRB可用数 | E36: 统计上行PUSCH所有的物理资源块数（PRB）可用数。 即为统计周期内上行PUSCH可用的物理资源块（PRB）数。 | F36: 无 | G36: CC | H36: 实数 | I36: 个 | J36: EutranCellTdd EutranCellFdd | K36: 15分钟 | L36: 15分钟 | M36: 否 | N36: 室分场景多个RRU占用的同一个RB计算为1。
A37: ENBHI24 | B37: A | C37: RRU.PdschPrbTot | D37: 下行PDSCH PRB可用数 | E37: 统计下行PDSCH所有的物理资源块数（PRB）可用数。 即为统计周期内下行PDSCH可用的物理资源块（PRB）数。 | F37: 无 | G37: CC | H37: 实数 | I37: 个 | J37: EutranCellTdd EutranCellFdd | K37: 15分钟 | L37: 15分钟 | M37: 否 | N37: 室分场景多个RRU占用的同一个RB计算为1。
A38: ENBHI25 | B38: B | C38: RRU.TotalPrbUsageMeanUl | D38: 上行PRB负载评估利用率平均值 | E38: 根据3GPP无线资源状态的定义和《中国移动TD-LTE无线网络主设备技术规范——无线功能分册v4.0.0》的要求统计负载评估值。当NGBR用户业务速率高于该业务最低保障速率时，该用户业务PRB负载评估值=该业务最低保障速率×该用户业务实际开销RB数/该用户业务实际吞吐量；GBR用户和当NGBR用户业务速率低于该业务最低保障速率时，该用户业务PRB负载评估值=该用户业务实际开销RB数。累计采样间隔内所有业务PRB负载评估值除以可用PRB总数得到总PRB负载评估利用率采样值，采样间隔为1～10秒。对统计周期内的所有非零采样值求平均。 | F38: 无 | G38: CC | H38: 实数 | J38: EutranCellTdd EutranCellFdd | K38: 15分钟 | L38: 15分钟 | M38: 否
A39: ENBHI26 | B39: B | C39: RRU.TotalPrbUsageMeanDl | D39: 下行PRB负载评估利用率平均值 | E39: 根据3GPP无线资源状态的定义和《中国移动TD-LTE无线网络主设备技术规范——无线功能分册v4.0.0》的要求统计负载评估值。当NGBR用户业务速率高于该业务最低保障速率时，该用户业务PRB负载评估值=该业务最低保障速率×该用户业务实际开销RB数/该用户业务实际吞吐量；GBR用户和当NGBR用户业务速率低于该业务最低保障速率时，该用户业务PRB负载评估值=该用户业务实际开销RB数。累计采样间隔内所有业务PRB负载评估值除以可用PRB总数得到总PRB负载评估利用率采样值，采样间隔为1～10秒。对统计周期内的所有非零采样值求平均。 | F39: 无 | G39: CC | H39: 实数 | J39: EutranCellTdd EutranCellFdd | K39: 15分钟 | L39: 15分钟 | M39: 否
A40: ENBHI27 | B40: A | C40: RRU.BorrowFromScellPrbTotUl | D40: CA时借用Scell的PUSCH PRB总数 | E40: 统计CA场景，本小区作为PCell，借用其他小区上行PUSCH所有DRB承载所使用的PRB总数 | F40: 无 | G40: CC | H40: 整数 | I40: 个 | J40: EutranCellTdd EutranCellFdd | K40: 15分钟 | L40: 15分钟 | M40: 否
A41: ENBHI28 | B41: A | C41: RRU.LendToPCellPrbTotUl | D41: CA时被PCell借用的PUSCH PRB总数 | E41: 统计CA场景，本小区作为Scell，被其他小区借用的上行PUSCH所有DRB承载所使用的PRB总数 | F41: 无 | G41: CC | H41: 整数 | I41: 个 | J41: EutranCellTdd EutranCellFdd | K41: 15分钟 | L41: 15分钟 | M41: 否
A42: ENBHI29 | B42: B | C42: RRU.CompPrbTotUl | D42: 上行COMP 占用的PUSCH PRB总数 | E42: 统计上行COMP占用PUSCH所有PRB总数 | F42: 无 | G42: CC | H42: 整数 | I42: 个 | J42: EutranCellTdd EutranCellFdd | K42: 15分钟 | L42: 15分钟 | M42: 否
A43: ENBHI30 | B43: B | C43: RRU.CompPrbTotDl | D43: 下行COMP 协作的PDSCH PRB总数 | E43: 统计下行COMP协作PDSCH所有PRB总数 | F43: 无 | G43: CC | H43: 整数 | I43: 个 | J43: EutranCellTdd EutranCellFdd | K43: 15分钟 | L43: 15分钟 | M43: 否
A44: ENBHI31 | B44: B | C44: RRU.PucchPrbTot | D44: 上行PUCCH PRB分配数 | E44: 统计分配作上行PUCCH的物理资源块数（PRB） | F44: 无 | G44: CC | H44: 整数 | I44: 个 | J44: EutranCellTdd EutranCellFdd | K44: 15分钟 | L44: 15分钟 | M44: 否
A45: ENBHI32 | B45: B | C45: RRU.FullRbTtiTotUl | D45: 上行PUSCH满PRB调度TTI数 | E45: 上行PUSCH满PRB调度TTI，指上行PUSCH传输业务信息时用尽所有可用PRB的TTI，累计统计周期内上行PUSCH满PRB调度TTI数。 | F45: 无 | G45: SI | H45: 整数 | I45: 个 | J45: EutranCellTdd EutranCellFdd | K45: 15分钟 | L45: 15分钟 | M45: 否
A46: ENBHI33 | B46: B | C46: RRU.FullRbTtiTotDl | D46: 下行PDSCH满PRB调度TTI数 | E46: 下行PDSCH满PRB调度TTI，指下行PDSCH传输业务信息时用尽所有可用PRB的TTI，累计统计周期内下行PDSCH满PRB调度TTI数。 | F46: 无 | G46: SI | H46: 整数 | I46: 个 | J46: EutranCellTdd EutranCellFdd | K46: 15分钟 | L46: 15分钟 | M46: 否
A47: ENBHI34 | B47: B | C47: RRU.CceFailureUl | D47: 上行CCE分配失败次数 | E47: 统计周期内，同一小区PDCCH中用于上行调度的CCE分配失败总次数；分配失败原因包括CCE资源不够，与现有用户存在位置冲突以及功率不够等 | F47: 无 | G47: CC | H47: 整数 | I47: 个 | J47: EutranCellTdd | K47: 15分钟 | L47: 15分钟 | M47: 否
A48: ENBHI35 | B48: B | C48: RRU.CceTotalUl | D48: 上行CCE总分配次数 | E48: 统计周期内，同一小区PDCCH中用于上行调度的CCE分配总次数 | F48: 无 | G48: CC | H48: 整数 | I48: 个 | J48: EutranCellTdd | K48: 15分钟 | L48: 15分钟 | M48: 否
A49: ENBHI36 | B49: B | C49: RRU.CceFailureDl | D49: 下行CCE分配失败次数 | E49: 统计周期内，同一小区PDCCH中用于下行调度的CCE分配失败总次数；分配失败原因包括CCE资源不够，与现有用户存在位置冲突以及功率不够等 | F49: 无 | G49: CC | H49: 整数 | I49: 个 | J49: EutranCellTdd | K49: 15分钟 | L49: 15分钟 | M49: 否
A50: ENBHI37 | B50: B | C50: RRU.CceTotalDl | D50: 下行CCE总分配次数 | E50: 统计周期内，同一小区PDCCH中用于下行调度的CCE分配总次数 | F50: 无 | G50: CC | H50: 整数 | I50: 个 | J50: EutranCellTdd | K50: 15分钟 | L50: 15分钟 | M50: 否
A51: ENBHI38 | B51: B | C51: RRU.PdcchPowerUsed | D51: PDCCH使用功率 | E51: 统计周期内累加每个子帧内分配计算PDCCH信道分配的功率。 | F51: 无 | G51: CC | H51: 实数 | I51: W | J51: EutranCellTdd | K51: 15分钟 | L51: 15分钟 | M51: 否
A52: ENBHI39 | B52: B | C52: RRU.PdcchPowerAvail | D52: PDCCH可用功率 | E52: 统计周期内累加每个子帧上PDCCH信道可用的总功率 | F52: 无 | G52: CC | H52: 实数 | I52: W | J52: EutranCellTdd | K52: 15分钟 | L52: 15分钟 | M52: 否 | N52: 计算方式可按照PDCCH总功率=RRU的总功率-CRS功率-PHICH功率-PCFICH的功率
A53: ENBHI40 | B53: B | C53: RRU.TotalPrbUl._Mcs | D53: 上行MCS为0-28阶使用的RB个数 | E53: 按照MCS0~28分别统计周期内上行PUSCH占用的物理资源块（PRB）数。 | F53: 无 | G53: CC | H53: 整数 | I53: 个 | J53: EutranCellTdd | K53: 15分钟 | L53: 15分钟 | M53: 否 | N53: 当前针对64QAM MCS
A54: ENBHI41 | B54: B | C54: RRU.TotalPrbDl._Mcs | D54: 下行MCS为0-28阶使用的RB个数 | E54: 按照MCS0~28分别统计周期内下行PDSCH占用的物理资源块（PRB）数。 | F54: 无 | G54: CC | H54: 整数 | I54: 个 | J54: EutranCellTdd | K54: 15分钟 | L54: 15分钟 | M54: 否 | N54: 当前针对64QAM MCS
A55: ENBHI42 | B55: B | C55: RRU.SrsPrbUsed._PeriodSrs | D55: 区分周期上行SRS资源使用数 | E55: 区分SRS周期统计资源使用数，根据不同SRS周期，统计分配该周期上行SRS资源使用数，其中SRS周期包括{2, 5, 10, 20, 40, 80, 160, 320}ms | F55: 无 | G55: CC | H55: 整数 | I55: 个 | J55: EutranCellTdd | K55: 15分钟 | L55: 15分钟 | M55: 否
A56: ENBHI43 | B56: B | C56: RRU.SrsPrbAvail._PeriodSrs | D56: 区分周期上行SRS资源可用数 | E56: 区分SRS周期统计资源可用数，根据不同SRS周期，统计分配该周期上行SRS资源可用数，包括单符号上SRS可容纳UE的数量和可用于传上行SRS的所有符号数（单符号上SRS可用数= 频域*梳齿*码分复用），其中SRS周期包括{2, 5, 10, 20, 40, 80, 160, 320}ms | F56: 无 | G56: CC | H56: 整数 | I56: 个 | J56: EutranCellTdd | K56: 15分钟 | L56: 15分钟 | M56: 否

Sheet HJ
A1: 统计编码 | B1: 重要度 | C1: 英文名称 | D1: 中文名称 | E1: 定义 | F1: 触发点 | G1: 采集方式 | H1: 数据类型 | I1: 单位 | J1: 空间粒度 | K1: 时间粒度 | L1: 上报周期 | M1: 测试要求 | N1: 备注
A2: ENBHJ01 | B2: B | C2: SIG.SctpDataChunkSent | D2: SCTP偶联发送数据块数 | E2: 在SCTP偶联上发送的Data Chunk数，不计重发 | F2: 在发送SCTP数据包时统计。 | G2: CC | H2: 整数 | I2: 次 | J2: SctpAssoc | K2: 15分钟 | L2: 15分钟 | M2: 是
A3: ENBHJ02 | B3: B | C3: SIG.SctpDataChunkReceived | D3: SCTP偶联接收的数据块数 | E3: 在SCTP偶联上接收的Data Chunk数 | F3: 在接收SCTP数据包时统计。 | G3: CC | H3: 整数 | I3: 次 | J3: SctpAssoc | K3: 15分钟 | L3: 15分钟 | M3: 否
A4: ENBHJ03 | B4: B | C4: SIG.SctpDataChunkReSent | D4: SCTP偶联重发数据块数 | E4: 在SCTP偶联上重发的DataChunk数目。 | F4: 在发送SCTP数据包时统计。 | G4: CC | H4: 整数 | I4: 次 | J4: SctpAssoc | K4: 15分钟 | L4: 15分钟 | M4: 是
A5: ENBHJ04 | B5: CB | C5: SIG.SctpCongestionDuration | D5: SCTP偶联拥塞时长 | E5: 有效SCTP偶联处理量超过承载能力的时长 | F5: 在一个测量周期内，累积SCTP偶联处于拥塞状态时长 | G5: DER（n=1） | H5: 整数 | I5: 秒 | J5: SctpAssoc | K5: 15分钟 | L5: 15分钟 | M5: 否 | N5: CB条件：传输异常或故障场景
A6: ENBHJ05 | B6: CB | C6: SIG.NbrSctpCongestion | D6: SCTP偶联拥塞次数 | E6: 统计SCTP偶联进入拥塞状态的次数 | F6: 在一个测量周期内，在SCTP偶联进入拥塞状态时统计 | G6: CC | H6: 整数 | I6: 次 | J6: SctpAssoc | K6: 15分钟 | L6: 15分钟 | M6: 否
A7: ENBHJ06 | B7: CB | C7: SIG.SctpUnavailableDuration | D7: SCTP偶联不可用时长 | E7: SCTP偶联处于故障、闭塞或未激活等不可用状态的时长 | F7: 在一个测量周期内，累积SCTP偶联不在服务状态时长 | G7: DER（n=1） | H7: 整数 | I7: 秒 | J7: SctpAssoc | K7: 15分钟 | L7: 15分钟 | M7: 否
A8: ENBHJ07 | B8: CB | C8: SIG.NbrSctpUnavailable | D8: SCTP偶联不可用次数 | E8: 统计SCTP偶联中断次数，SCTP退服务时统计 | F8: 在一个测量周期内，累积SCTP偶联不在服务状态次数 | G8: CC | H8: 整数 | I8: 次 | J8: SctpAssoc | K8: 15分钟 | L8: 15分钟 | M8: 否

Sheet HK
A1: 统计编码 | B1: 重要度 | C1: 英文名称 | D1: 中文名称 | E1: 定义 | F1: 触发点 | G1: 采集方式 | H1: 数据类型 | I1: 单位 | J1: 空间粒度 | K1: 时间粒度 | L1: 上报周期 | M1: 测试要求 | N1: 备注
A2: ENBHK01 | B2: B | C2: EQPT.MacOctSent | D2: 以太网端口发送的字节数 | E2: 计算统计周期内以太网物理端口MAC层发送的PDU字节数 | F2: 无 | G2: CC | H2: 实型 | I2: MByte | J2: EthernetPort | K2: 15分钟 | L2: 15分钟 | M2: 否 | N2: 1MByte=10^6Byte,不等于1024*1024Byte。
A3: ENBHK02 | B3: B | C3: EQPT.MacOctRecieved | D3: 以太网端口接收的字节数 | E3: 计算统计周期内以太网物理端口MAC层接收的PDU字节数 | F3: 无 | G3: CC | H3: 实型 | I3: MByte | J3: EthernetPort | K3: 15分钟 | L3: 15分钟 | M3: 否 | N3: 1MByte=10^6Byte,不等于1024*1024Byte。

Sheet HL
A1: 统计编码 | B1: 重要度 | C1: 英文名称 | D1: 中文名称 | E1: 定义 | F1: 触发点 | G1: 采集方式 | H1: 数据类型 | I1: 单位 | J1: 空间粒度 | K1: 时间粒度 | L1: 上报周期 | M1: 测试要求 | N1: 备注
A2: ENBHL01 | B2: B | C2: S1.IncNbrOctGtpU | D2: eNB的S1接口接收业务数据量 | E2: 统计eNB S1接口GTP层用户平面接收的数据量。 | F2: 统计eNB S1接口接收到的GTP-U层SDU字节数。 | G2: CC | H2: 实数 | I2: MByte | J2: EpRpDynS1uEnb | K2: 15分钟 | L2: 15分钟 | M2: 否 | N2: 1MByte=10^6Byte,不等于1024*1024Byte。
A3: ENBHL02 | B3: B | C3: S1.OutNbrOctGtpU | D3: eNB的S1接口发送业务数据量 | E3: 统计eNB S1接口GTP层用户平面发送的数据量。 | F3: 统计eNB S1接口发送的GTP-U层SDU 字节数。 | G3: CC | H3: 实数 | I3: Mbyte | J3: EpRpDynS1uEnb | K3: 15分钟 | L3: 15分钟 | M3: 否 | N3: 1MByte=10^6Byte,不等于1024*1024Byte。
A4: ENBHL03 | B4: CB | C4: S1.SentDiagosisTotalPacket | D4: eNB发送诊断包数目 | E4: 统计eNB S1接口发送诊断协议（如TWAMP或ping ）包数目 | F4: eNB S1接口每次发送诊断包 | G4: CC | H4: 整数 | I4: 个 | J4: EpRpDynS1uEnb | K4: 15分钟 | L4: 15分钟 | M4: 否 | N4: CB条件：对端IP层传输设备配合开启对应功能
A5: ENBHL04 | B5: CB | C5: S1.ReceivedDiagosisTotalPacket | D5: eNB接收到诊断包数目 | E5: 统计eNB S1接口成功接收对应响应诊断协议（如TWAMP或ping ）包数目 | F5: eNB S1接口每次成功接收对应响应的诊断协议包 | G5: CC | H5: 整数 | I5: 个 | J5: EpRpDynS1uEnb | K5: 15分钟 | L5: 15分钟 | M5: 否
A6: ENBHL05 | B6: CB | C6: S1.DiagosisPacketTotalDelay | D6: eNB诊断包环回总时延 | E6: 统计eNB 从S1接口发送诊断包到S1接口成功接收对应响应诊断包（如TWAMP或ping ）的累计时延 | F6: eNB S1接口发送诊断协议包到S1接口成功接收对应响应的诊断协议（如ping ）包的时延 | G6: CC | H6: 整数 | I6: ms | J6: EpRpDynS1uEnb | K6: 15分钟 | L6: 15分钟 | M6: 否 | N6: 平均时延=eNB诊断包环回总时延/eNB接收到诊断包数目 CB条件：对端IP层传输设备配合开启对应功能
A7: ENBHL06 | B7: CB | C7: S1.DiagosisPacketTotalJitter | D7: eNB诊断包总抖动时长 | E7: 统计eNB 从S1接口发送诊断协议包到S1接口成功接收对应响应诊断协议包（如TWAMP或ping ）的时延变化值总和 | F7: 统计（n，n+1）相邻两个诊断包时延的差值（绝对值），累计求和。 | G7: CC | H7: 整数 | I7: ms | J7: EpRpDynS1uEnb | K7: 15分钟 | L7: 15分钟 | M7: 否 | N7: 平均抖动=eNB诊断包总抖动时长/（eNB接收到诊断包数目-1） CB条件：对端IP层传输设备配合开启对应功能

Sheet HM
A1: 统计编码 | B1: 重要度 | C1: 英文名称 | D1: 中文名称 | E1: 定义 | F1: 触发点 | G1: 采集方式 | H1: 数据类型 | I1: 单位 | J1: 空间粒度 | K1: 时间粒度 | L1: 上报周期 | M1: 测试要求 | N1: 备注
A2: ENBHM01 | B2: B | C2: MAC.NbrTbUl | D2: 上行传输TB数 | E2: 统计小区上行传输的TB(Transport Block)数，包括重传的TB。单独统计包含QCI1和QCI2的上行传输TB数作为语音调度上行TB块总数。 | F2: eNB收到TB时计数。 | G2: CC | H2: 整数 | I2: 个 | J2: EutranCellTdd EutranCellFdd | K2: 15分钟 | L2: 15分钟 | M2: 否
B3: CB | C3: MAC.NbrTbUl.eMTC | D3: eMTC终端上行传输TB数 | N3: CB条件：eMTC功能开启时，针对eMTC终端的统计
B4: B | C4: MAC.NbrTbUl.1 | D4: 语音调度上行TB块总数
B5: B | C5: MAC.NbrTbUl.2 | D5: QCI2承载调度上行TB块总数
A6: ENBHM02 | B6: B | C6: MAC.NbrInitTbUl | D6: 上行传输初始TB数 | E6: 统计小区上行传输的初始TB(Transport Block)数。初始TB相对于重传TB而言，即第一次提交传输的TB。并区分调制方式分别统计。单独统计QCI=1的上行传输初始TB数。 | F6: eNB收到初始TB时计数。 (注：eNB通过是否为上行传输调度了资源了解是否应收到TB） | G6: CC | H6: 整数 | I6: 个 | J6: EutranCellTdd EutranCellFdd | K6: 15分钟 | L6: 15分钟 | M6: 否
B7: B | C7: MAC.NbrInitTbUl.1 | D7: QCI=1上行传输初始TB数
B8: B | C8: MAC.NbrInitTbUl.Qpsk | D8: QPSK模式上行传输初始TB数
B9: B | C9: MAC.NbrInitTbUl.16Qam | D9: 16QAM模式上行传输初始TB数
B10: B | C10: MAC.NbrInitTbUl.64Qam | D10: 64QAM模式上行传输初始TB数
A11: ENBHM03 | B11: B | C11: MAC.NbrSuccInitTbUl | D11: 上行成功传输初始TB数 | E11: 统计小区上行成功接收到的初始TB，并区分调制方式式分别进行统计。单独统计QCI=1的情况。 | F11: eNB成功接收到初始TB时计数。 | G11: CC | H11: 整数 | I11: 个 | J11: EutranCellTdd EutranCellFdd | K11: 15分钟 | L11: 15分钟 | M11: 否
B12: B | C12: MAC.NbrSuccInitTbUl.Qpsk | D12: QPSK模式上行成功传输初始TB数
B13: B | C13: MAC.NbrSuccInitTbUl.16Qam | D13: 16QAM模式上行成功传输初始TB数
B14: B | C14: MAC.NbrSuccInitTbUl.64Qam | D14: 64QAM模式上行成功传输初始TB数
B15: B | C15: MAC.NbrSuccInitTbUl.Qpsk.1 | D15: QCI=1的QPSK模式上行成功传输初始TB数
B16: B | C16: MAC.NbrSuccInitTbUl.16Qam.1 | D16: QCI=1的16QAM模式上行成功传输初始TB数
B17: B | C17: MAC.NbrSuccInitTbUl.64Qam.1 | D17: QCI=1的64QAM模式上行成功传输初始TB数
A18: ENBHM04 | B18: B | C18: MAC.NbrResErrTbUl | D18: 上行残留错误TB数 | E18: 统计上行初始传输的TB中，经过HARQ重传之后仍然传输错误的数目 | F18: 初始TB经过HARQ重传后仍错误时计数 | G18: CC | H18: 整数 | I18: 个 | J18: EutranCellTdd EutranCellFdd | K18: 15分钟 | L18: 15分钟 | M18: 否
A19: ENBHM05 | B19: B | C19: MAC.NbrTbDl | D19: 下行传输TB数 | E19: 统计小区下行传输的TB(Transport Block)数，包括重传的TB。单独统计包含QCI1和QCI2的小区下行传输的TB数作为语音调度下行TB块总数。 分开统计Rank1和Rank2模式下的小区下行传输的TB数。 统计不同TM传输模式下小区下行传输的TB数。 注：1、TM5～8下行传输TB数统计仅EutranCellTdd小区支持 2、eMTC仅支持TM1/2/6/9 3、eMTC仅支持RANK1 | F19: eNB发送TB时计数 | G19: CC | H19: 整数 | I19: 个 | J19: EutranCellTdd EutranCellFdd | K19: 15分钟 | L19: 15分钟 | M19: 否
B20: CB | C20: MAC.NbrTbDl.eMTC | D20: eMTC终端下行传输TB数 | N20: CB条件：eMTC功能开启时，针对eMTC终端的统计
B21: B | C21: MAC.NbrTbDl.1 | D21: 语音调度下行TB块总数
B22: B | C22: MAC.NbrTbDl.2 | D22: QCI2承载调度下行TB块总数 | G22: CC | H22: 整数 | I22: 个 | K22: 15分钟 | L22: 15分钟 | M22: 否
B23: B | C23: MAC.NbrTbDl.Rank1 | D23: 单流下行传输TB数 | G23: CC | H23: 整数 | I23: 个 | K23: 15分钟 | L23: 15分钟 | M23: 否
B24: B | C24: MAC.NbrTbDl.Rank2 | D24: 双流下行传输TB数 | G24: CC | H24: 整数 | I24: 个 | K24: 15分钟 | L24: 15分钟 | M24: 否
B25: B | C25: MAC.NbrTbDl.Tm1 | D25: TM1下行传输TB数 | G25: CC | H25: 整数 | I25: 个 | K25: 15分钟 | L25: 15分钟 | M25: 否
B26: B | C26: MAC.NbrTbDl.Tm2 | D26: TM2下行传输TB数 | G26: CC | H26: 整数 | I26: 个 | K26: 15分钟 | L26: 15分钟 | M26: 否
B27: B | C27: MAC.NbrTbDl.Tm3 | D27: TM3下行传输TB数 | G27: CC | H27: 整数 | I27: 个 | K27: 15分钟 | L27: 15分钟 | M27: 否
B28: B | C28: MAC.NbrTbDl.Tm4 | D28: TM4下行传输TB数 | G28: CC | H28: 整数 | I28: 个 | K28: 15分钟 | L28: 15分钟 | M28: 否
B29: B | C29: MAC.NbrTbDl.Tm5 | D29: TM5下行传输TB数 | G29: CC | H29: 整数 | I29: 个 | J29: EutranCellTdd | K29: 15分钟 | L29: 15分钟 | M29: 否
B30: B | C30: MAC.NbrTbDl.Tm6 | D30: TM6下行传输TB数 | G30: CC | H30: 整数 | I30: 个 | K30: 15分钟 | L30: 15分钟 | M30: 否
B31: B | C31: MAC.NbrTbDl.Tm7 | D31: TM7下行传输TB数 | G31: CC | H31: 整数 | I31: 个 | K31: 15分钟 | L31: 15分钟 | M31: 否
B32: B | C32: MAC.NbrTbDl.Tm8 | D32: TM8下行传输TB数
B33: CB | C33: MAC.NbrTbDl.Tm9 | D33: TM9下行传输TB数 | G33: CC | H33: 整数 | I33: 个 | J33: EutranCellTdd EutranCellFdd | K33: 15分钟 | L33: 15分钟 | M33: 否 | N33: CB条件：开启TM9功能
A34: ENBHM06 | B34: B | C34: MAC.NbrInitTbDl | D34: 下行传输初始TB数 | E34: 统计小区下行传输的初始TB(Transport Block)数（含SRB和DRB）。初始TB相对于重传TB而言，即第一次提交传输的TB。按调制方式分别进行统计。单独统计QCI=1的下行传输初始TB数。 | F34: eNB发送初始TB时计数 | G34: CC | H34: 整数 | I34: 个 | J34: EutranCellTdd EutranCellFdd | K34: 15分钟 | L34: 15分钟 | M34: 否
B35: B | C35: MAC.NbrInitTbDl.1 | D35: QCI=1下行传输初始TB数
B36: B | C36: MAC.NbrInitTbDl.Qpsk | D36: QPSK模式下行传输初始TB数
B37: B | C37: MAC.NbrInitTbDl.16Qam | D37: 16QAM模式下行传输初始TB数
B38: B | C38: MAC.NbrInitTbDl.64Qam | D38: 64QAM模式下行传输初始TB数
B39: CB | C39: MAC.NbrInitTbDl.256Qam | D39: 256QAM模式下行传输初始TB数 | N39: CB条件：开启256QAM功能
A40: ENBHM07 | B40: B | C40: MAC.NbrSuccInitTbDl | D40: 下行成功传输初始TB数 | E40: 统计小区下行成功发送的初始TB，并区分调制方式式分别进行统计。单独统计QCI=1的情况。 | F40: 初始TB发送成功时计数。 | G40: CC | H40: 整数 | I40: 个 | J40: EutranCellTdd EutranCellFdd | K40: 15分钟 | L40: 15分钟 | M40: 否
B41: B | C41: MAC.NbrSuccInitTbDl.Qpsk | D41: QPSK模式下行成功传输初始TB数
B42: B | C42: MAC.NbrSuccInitTbDl.16Qam | D42: 16QAM模式下行成功传输初始TB数
B43: B | C43: MAC.NbrSuccInitTbDl.64Qam | D43: 64QAM模式下行成功传输初始TB数
B44: CB | C44: MAC.NbrSuccInitTbDl.256Qam | D44: 256QAM模式下行成功传输初始TB数 | N44: CB条件：开启256QAM功能
B45: B | C45: MAC.NbrSuccInitTbDl.Qpsk.1 | D45: QCI=1的QPSK模式下行成功传输初始TB数
B46: B | C46: MAC.NbrSuccInitTbDl.16Qam.1 | D46: QCI=1的16QAM模式下行成功传输初始TB数
B47: B | C47: MAC.NbrSuccInitTbDl.64Qam.1 | D47: QCI=1的64QAM模式下行成功传输初始TB数
B48: CB | C48: MAC.NbrSuccInitTbDl.256Qam.1 | D48: QCI=1的256QAM模式下行成功传输初始TB数 | N48: CB条件：开启256QAM功能
A49: ENBHM08 | B49: B | C49: MAC.NbrResErrTbDl | D49: 下行残留错误TB数 | E49: 统计下行初始传输的TB中，经过HARQ重传之后仍然传输错误的数目 | F49: 初始TB经过HARQ重传后仍错误时计数 | G49: CC | H49: 整数 | I49: 个 | J49: EutranCellTdd EutranCellFdd | K49: 15分钟 | L49: 15分钟 | M49: 否
A50: ENBHM09 | B50: CB | C50: MAC.NbrSpsTbUl.1 | D50: 语音半持续调度上行初传TB块数 | E50: 上行半持续调度QCI1初始传输TB块数。与上行半持续调度次数相等。 | F50: eNB收到半持续调度的QCI1初始传输TB块时计数 | G50: CC | H50: 整数 | I50: 个 | J50: EutranCellTdd EutranCellFdd | K50: 15分钟 | L50: 15分钟 | M50: 否 | N50: CB条件：开启VOLTE语音SPS半静态调度
A51: ENBHM10 | B51: CB | C51: MAC.NbrSpsTbDl.1 | D51: 语音半持续调度下行初传TB块数 | E51: 下行半持续调度QCI1初始传输TB块数。与下行半持续调度次数相等。 | F51: eNB发送半持续调度的QCI1初始传输TB块时计数 | G51: CC | H51: 整数 | I51: 个 | J51: EutranCellTdd EutranCellFdd | K51: 15分钟 | L51: 15分钟 | M51: 否
A52: ENBHM11 | B52: B | C52: MAC.MaxSchUeUl | D52: 上行调度的最大UE数目 | E52: 每TTI调度的上行UE数目，统计周期求最大值。 | F52: 无 | G52: SI | H52: 整数 | I52: 个 | J52: EutranCellTdd EutranCellFdd | K52: 15分钟 | L52: 15分钟 | M52: 否
A53: ENBHM12 | B53: B | C53: MAC.MaxSchUeDl | D53: 下行调度的最大UE数目 | E53: 每TTI调度的下行UE数目，统计周期求最大值。 | F53: 无 | G53: SI | H53: 整数 | I53: 个 | J53: EutranCellTdd EutranCellFdd | K53: 15分钟 | L53: 15分钟 | M53: 否
A54: ENBHM13 | B54: B | C54: MAC.NbrRbDl.Tm2 | D54: TM2下行传输RB数 | E54: 统计小区下行传输的RB(Radio Block)数，包括重传的RB。分开统计SFBC,Rank1~Rank4模式下的小区下行传输的RB数。 注：1、TM5～8下行传输RB数统计仅EutranCellTdd小区支持 2、eMTC仅支持TM1/2/6/9 | F54: eNB发送RB时计数 | G54: CC | H54: 整数 | I54: 个 | J54: EutranCellTdd EutranCellFdd | K54: 15分钟 | L54: 15分钟 | M54: 否
B55: B | C55: MAC.NbrRbDl.Tm3.SFBC | D55: TM3下行传输SFBC RB数
B56: B | C56: MAC.NbrRbDl.Tm3.SM | D56: TM3下行传输SM RB数
B57: B | C57: MAC.NbrRbDl.Tm4.SFBC | D57: TM4下行传输SFBC RB数
B58: B | C58: MAC.NbrRbDl.Tm4.SM | D58: TM4下行传输SM RB数
B59: B | C59: MAC.NbrRbDl.Tm7 | D59: TM7下行传输RB数 | J59: EutranCellTdd
B60: B | C60: MAC.NbrRbDl.Tm8.SFBC | D60: TM8下行传输SFBC RB数
B61: B | C61: MAC.NbrRbDl.Tm8.RANK1BF | D61: TM8下行传输RANK1RB数
B62: B | C62: MAC.NbrRbDl.Tm8.RANK2BF | D62: TM8下行传输RANK2RB数
B63: CB | C63: MAC.NbrRbDl.Tm9.SFBC | D63: TM9下行传输SFBC RB数 | J63: EutranCellTdd EutranCellFdd | N63: CB条件：开启TM9功能
B64: CB | C64: MAC.NbrRbDl.Tm9.RANK1BF | D64: TM9下行传输RANK1RB数
B65: CB | C65: MAC.NbrRbDl.Tm9.RANK2BF | D65: TM9下行传输RANK2RB数
B66: CB | C66: MAC.NbrRbDl.Tm9.RANK3BF | D66: TM9下行传输RANK3RB数
B67: CB | C67: MAC.NbrRbDl.Tm9.RANK4BF | D67: TM9下行传输RANK4RB数
A68: ENBHM14 | B68: CB | C68: MAC.NbrRbUlMassiveMimoSM._Stream | D68: MassiveMIMO上行传输RB数 | E68: 按不同流数统计MassiveMIMO上行传输的RB(Radio Block)数，包括重传RB。（如：支持16流的，统计非空分复用的RB数～统计16流空分复用的RB数。）按频域进行统计，如2个流复用一个RB，计为一个RB. 注：对于非配对（MU-MIMO）下，单流和双流占用的RB数均应统计为非空分复用RB数。 | F68: eNB接收RB时计数 | G68: CC | H68: 整数 | I68: 个 | J68: EutranCellTdd | K68: 15分钟 | L68: 15分钟 | M68: 否 | N68: CB条件：开启MassiveMIMO时，进行相关统计
A69: ENBHM15 | B69: CB | C69: MAC.NbrRbDlMassiveMimoSM._Stream | D69: MassiveMIMO下行传输RB数 | E69: 按不同流数统计MassiveMIMO下行传输的RB(Radio Block)数，包括重传RB。（如：支持16流的，统计非空分复用的RB数～统计16流空分复用的RB数。）按频域进行统计，如2个流复用一个RB，计为一个RB. 注：对于非配对（MU-MIMO）下，单流和双流占用的RB数均应统计为非空分复用RB数。 | F69: eNB发送RB时计数 | G69: CC | H69: 整数 | I69: 个 | J69: EutranCellTdd | K69: 15分钟 | L69: 15分钟 | M69: 否 | N69: CB条件：开启MassiveMIMO时，进行相关统计
A70: ENBHM16 | B70: CB | C70: MAC.NbrErrTbUlMassiveMimoSM._Stream | D70: MassiveMIMO上行错误TB总数 | E70: 按不同流数统计MassiveMIMO上行MAC层传输错误的TB(Transport Block)总数（包括重传）.（如：支持16流的，统计非空分复用MAC层传输错误TB总数～统计16流空分复用错误TB总数。）按TB映射的最大复用层数来计算。 注：对于非配对（MU-MIMO）下，单流和双流传输的TB数均应统计为非空分复用TB数。 | F70: 无 | G70: CC | H70: 整数 | I70: 个 | J70: EutranCellTdd | K70: 15分钟 | L70: 15分钟 | M70: 否 | N70: CB条件：开启MassiveMIMO时，进行相关统计
A71: ENBHM17 | B71: CB | C71: MAC.NbrErrTbDlMassiveMimoSM._Stream | D71: MassiveMIMO下行传输错误TB总数 | E71: 按不同流数统计MassiveMIMO下行MAC层传输错误的TB(Transport Block)总数（包括重传）.（如：支持16流的，统计非空分复用MAC层传输错误TB总数～统计16流空分复用错误TB总数。）按TB映射的最大复用层数来计算。 注：对于非配对（MU-MIMO）下，单流和双流传输的TB数均应统计为非空分复用TB数。 | F71: 无 | G71: CC | H71: 整数 | I71: 个 | J71: EutranCellTdd | K71: 15分钟 | L71: 15分钟 | M71: 否 | N71: CB条件：开启MassiveMIMO时，进行相关统计
A72: ENBHM18 | B72: CB | C72: MAC.NbrTbUlMassiveMimoSM._Stream | D72: MassiveMIMO上行传输TB总数 | E72: 按不同流数统计MassiveMIMO上行MAC层传输的TB(Transport Block)数，包括重传的TB.（如：支持16流的，统计非空分复用MAC层传输的TB总数～统计16流空分复用的TB总数。）按TB映射的最大复用层数来计算。 注：对于非配对（MU-MIMO）下，单流和双流传输的TB数均应统计为非空分复用TB数。 | F72: 无 | G72: CC | H72: 整数 | I72: 个 | J72: EutranCellTdd | K72: 15分钟 | L72: 15分钟 | M72: 否 | N72: CB条件：开启MassiveMIMO时，进行相关统计
A73: ENBHM19 | B73: CB | C73: MAC.NbrTbDlMassiveMimoSM._Stream | D73: MassiveMIMO下行传输TB总数 | E73: 按不同流数统计MassiveMIMO下行MAC层传输的TB(Transport Block)数，包括重传的TB.（如：支持16流的，统计非空分复用MAC层传输的TB总数～统计16流空分复用的TB总数。）按TB映射的最大复用层数来计算。 注：对于非配对（MU-MIMO）下，单流和双流传输的TB数均应统计为非空分复用TB数。 | F73: 无 | G73: CC | H73: 整数 | I73: 个 | J73: EutranCellTdd | K73: 15分钟 | L73: 15分钟 | M73: 否 | N73: CB条件：开启MassiveMIMO时，进行相关统计
A74: ENBHM20 | B74: CB | C74: MAC.OctUlMassiveMimoSM._Stream | D74: MassiveMIMO上行传输成功字节数 | E74: 按不同流数统计MassiveMIMO上行MAC层传输成功的字节数.（如：支持16流的，统计非空分复用MAC层传输成功的字节数～统计16流空分复用的MAC层传输成功的字节数。） 注：对于非配对（MU-MIMO）下，单流和双流成功传输的字节数应统计为非空分字节数。 | F74: 无 | G74: CC | H74: 实数 | I74: KByte | J74: EutranCellTdd | K74: 15分钟 | L74: 15分钟 | M74: 否 | N74: 注1：1KByte=1000Byte 注2：CB条件：开启MassiveMIMO时，进行相关统计
A75: ENBHM21 | B75: CB | C75: MAC.OctDlMassiveMimoSM._Stream | D75: MassiveMIMO下行传输成功字节数 | E75: 按不同流数统计MassiveMIMO下行MAC层传输成功的字节数.（如：支持16流的，统计非空分复用MAC层传输成功的字节数～统计16流空分复用的MAC层传输成功的字节数。） 注：对于非配对（MU-MIMO）下，单流和双流成功传输的字节数应统计为非空分字节数。 | F75: 无 | G75: CC | H75: 实数 | I75: KByte | J75: EutranCellTdd | K75: 15分钟 | L75: 15分钟 | M75: 否 | N75: 注1：1KByte=1000Byte 注2：CB条件：开启MassiveMIMO时，进行相关统计
A76: ENBHM22 | B76: B | C76: MAC.CpOctUl | D76: 小区MAC层传输成功的上行流量 | E76: 在测量周期内，累加小区通过空口成功接收的MAC层字节数，即小区MAC层从下层接收到的字节数。 | F76: 无 | G76: CC | H76: 实数 | I76: KByte | J76: EutranCellTdd EutranCellFdd | K76: 15分钟 | L76: 15分钟 | M76: 否 | N76: 1KByte=1000Byte
A77: ENBHM23 | B77: B | C77: MAC.CpOctDl | D77: 小区MAC层传输成功的下行流量 | E77: 在测量周期内，累加小区MAC层通过空口成功发送的字节数，统计小区MAC层向下层发送的字节数。成功发送定义为收到UE对MAC层数据的最后一个分片的ACK确认。 | F77: 无 | G77: CC | H77: 实数 | I77: KByte | J77: EutranCellTdd EutranCellFdd | K77: 15分钟 | L77: 15分钟 | M77: 否 | N77: 1KByte=1000Byte
A78: ENBHM24 | B78: B | C78: MAC.CpOctPcellUl | D78: CA用户在Pcell MAC层产生传输成功的上行流量 | E78: 在测量周期内，针对激活辅载波的CA用户，累加其通过空口成功上传的MAC层字节数 | F78: MAC CE触发的激活/去激活 | G78: CC | H78: 实数 | I78: KByte | J78: EutranCellTdd EutranCellFdd | K78: 15分钟 | L78: 15分钟 | M78: 否 | N78: 1KByte=1000Byte
A79: ENBHM25 | B79: B | C79: MAC.CpOctPcellDl | D79: CA用户在Pcell MAC层产生传输成功的下行流量 | E79: 在测量周期内，针对激活辅载波的CA用户,累加小区MAC层通过空口成功发送给目标用户的字节数。成功发送定义为收到目标UE对MAC层数据的最后一个分片的ACK确认。 | F79: MAC CE触发的激活/去激活 | G79: CC | H79: 实数 | I79: KByte | J79: EutranCellTdd EutranCellFdd | K79: 15分钟 | L79: 15分钟 | M79: 否 | N79: 1KByte=1000Byte
... A81: ENBHM27 | B81: B | C81: MAC.CpOctScellDl | D81: Scell CA用户在本小区MAC层产生传输成功的下行流量 | E81: 在测量周期内，针对激活辅载波的CA用户,累加小区MAC层通过空口成功发送给目标用户的字节数。成功发送定义为收到目标UE对MAC层数据的最后一个分片的ACK确认。 | F81: MAC CE触发的激活/去激活 | G81: CC | H81: 实数 | I81: KByte | J81: EutranCellTdd EutranCellFdd | K81: 15分钟 | L81: 15分钟 | M81: 否 | N81: 1KByte=1000Byte

Sheet HN
A1: 统计编码 | B1: 重要度 | C1: 英文名称 | D1: 中文名称 | E1: 定义 | F1: 触发点 | G1: 采集方式 | H1: 数据类型 | I1: 单位 | J1: 空间粒度 | K1: 时间粒度 | L1: 上报周期 | M1: 测试要求 | N1: 备注
A2: ENBHN01 | B2: B | C2: PHY.NbrCqi0 | D2: 值为0的CQI数 | E2: 小区收到的UE上报的CQI中，值为0的个数,见3GPP TS 36.213。在载波聚合场景下，若SCell的CQI经PCell的PUCCH上报，则CQI应计入Scell而不是Pcell的统计。空间复用条件下,一次上报两个码字的CQI分别计数。 | F2: eNB收到CQI | G2: CC | H2: 整数 | I2: 个 | J2: EutranCellTdd EutranCellFdd | K2: 15分钟 | L2: 15分钟 | M2: 否
A3: ENBHN02 | B3: B | C3: PHY.NbrCqi1 | D3: 值为1的CQI数 | E3: 小区收到的UE上报的CQI中，值为1的个数,见3GPP TS 36.213。在载波聚合场景下，若SCell的CQI经PCell的PUCCH上报，则CQI应计入Scell而不是Pcell的统计。空间复用条件下,一次上报两个码字的CQI分别计数。 | F3: eNB收到CQI | G3: CC | H3: 整数 | I3: 个 | J3: EutranCellTdd EutranCellFdd | K3: 15分钟 | L3: 15分钟 | M3: 否
A4: ENBHN03 | B4: B | C4: PHY.NbrCqi2 | D4: 值为2的CQI数 | E4: 小区收到的UE上报的CQI中，值为2的个数,见3GPP TS 36.213。在载波聚合场景下，若SCell的CQI经PCell的PUCCH上报，则CQI应计入Scell而不是Pcell的统计。空间复用条件下,一次上报两个码字的CQI分别计数。 | F4: eNB收到CQI | G4: CC | H4: 整数 | I4: 个 | J4: EutranCellTdd EutranCellFdd | K4: 15分钟 | L4: 15分钟 | M4: 否
A5: ENBHN04 | B5: B | C5: PHY.NbrCqi3 | D5: 值为3的CQI数 | E5: 小区收到的UE上报的CQI中，值为3的个数,见3GPP TS 36.213。在载波聚合场景下，若SCell的CQI经PCell的PUCCH上报，则CQI应计入Scell而不是Pcell的统计。空间复用条件下,一次上报两个码字的CQI分别计数。 | F5: eNB收到CQI | G5: CC | H5: 整数 | I5: 个 | J5: EutranCellTdd EutranCellFdd | K5: 15分钟 | L5: 15分钟 | M5: 否
A6: ENBHN05 | B6: B | C6: PHY.NbrCqi4 | D6: 值为4的CQI数 | E6: 小区收到的UE上报的CQI中，值为4的个数,见3GPP TS 36.213。在载波聚合场景下，若SCell的CQI经PCell的PUCCH上报，则CQI应计入Scell而不是Pcell的统计。空间复用条件下,一次上报两个码字的CQI分别计数。 | F6: eNB收到CQI | G6: CC | H6: 整数 | I6: 个 | J6: EutranCellTdd EutranCellFdd | K6: 15分钟 | L6: 15分钟 | M6: 否
A7: ENBHN06 | B7: B | C7: PHY.NbrCqi5 | D7: 值为5的CQI数 | E7: 小区收到的UE上报的CQI中，值为5的个数,见3GPP TS 36.213。在载波聚合场景下，若SCell的CQI经PCell的PUCCH上报，则CQI应计入Scell而不是Pcell的统计。空间复用条件下,一次上报两个码字的CQI分别计数。 | F7: eNB收到CQI | G7: CC | H7: 整数 | I7: 个 | J7: EutranCellTdd EutranCellFdd | K7: 15分钟 | L7: 15分钟 | M7: 否
A8: ENBHN07 | B8: B | C8: PHY.NbrCqi6 | D8: 值为6的CQI数 | E8: 小区收到的UE上报的CQI中，值为6的个数,见3GPP TS 36.213。在载波聚合场景下，若SCell的CQI经PCell的PUCCH上报，则CQI应计入Scell而不是Pcell的统计。空间复用条件下,一次上报两个码字的CQI分别计数。 | F8: eNB收到CQI | G8: CC | H8: 整数 | I8: 个 | J8: EutranCellTdd EutranCellFdd | K8: 15分钟 | L8: 15分钟 | M8: 否
A9: ENBHN08 | B9: B | C9: PHY.NbrCqi7 | D9: 值为7的CQI数 | E9: 小区收到的UE上报的CQI中，值为7的个数,见3GPP TS 36.213。在载波聚合场景下，若SCell的CQI经PCell的PUCCH上报，则CQI应计入Scell而不是Pcell的统计。空间复用条件下,一次上报两个码字的CQI分别计数。 | F9: eNB收到CQI | G9: CC | H9: 整数 | I9: 个 | J9: EutranCellTdd EutranCellFdd | K9: 15分钟 | L9: 15分钟 | M9: 否
A10: ENBHN09 | B10: B | C10: PHY.NbrCqi8 | D10: 值为8的CQI数 | E10: 小区收到的UE上报的CQI中，值为8的个数,见3GPP TS 36.213。在载波聚合场景下，若SCell的CQI经PCell的PUCCH上报，则CQI应计入Scell而不是Pcell的统计。空间复用条件下,一次上报两个码字的CQI分别计数。 | F10: eNB收到CQI | G10: CC | H10: 整数 | I10: 个 | J10: EutranCellTdd EutranCellFdd | K10: 15分钟 | L10: 15分钟 | M10: 否
A11: ENBHN10 | B11: B | C11: PHY.NbrCqi9 | D11: 值为9的CQI数 | E11: 小区收到的UE上报的CQI中，值为9的个数,见3GPP TS 36.213。在载波聚合场景下，若SCell的CQI经PCell的PUCCH上报，则CQI应计入Scell而不是Pcell的统计。空间复用条件下,一次上报两个码字的CQI分别计数。 | F11: eNB收到CQI | G11: CC | H11: 整数 | I11: 个 | J11: EutranCellTdd EutranCellFdd | K11: 15分钟 | L11: 15分钟 | M11: 否
A12: ENBHN11 | B12: B | C12: PHY.NbrCqi10 | D12: 值为10的CQI数 | E12: 小区收到的UE上报的CQI中，值为10的个数,见3GPP TS 36.213。在载波聚合场景下，若SCell的CQI经PCell的PUCCH上报，则CQI应计入Scell而不是Pcell的统计。空间复用条件下,一次上报两个码字的CQI分别计数。 | F12: eNB收到CQI | G12: CC | H12: 整数 | I12: 个 | J12: EutranCellTdd EutranCellFdd | K12: 15分钟 | L12: 15分钟 | M12: 否
A13: ENBHN12 | B13: B | C13: PHY.NbrCqi11 | D13: 值为11的CQI数 | E13: 小区收到的UE上报的CQI中，值为11的个数,见3GPP TS 36.213。在载波聚合场景下，若SCell的CQI经PCell的PUCCH上报，则CQI应计入Scell而不是Pcell的统计。空间复用条件下,一次上报两个码字的CQI分别计数。 | F13: eNB收到CQI | G13: CC | H13: 整数 | I13: 个 | J13: EutranCellTdd EutranCellFdd | K13: 15分钟 | L13: 15分钟 | M13: 否
... A17: ENBHN16 | B17: B | C17: PHY.NbrCqi15 | D17: 值为15的CQI数 | E17: 小区收到的UE上报的CQI中，值为15的个数,见3GPP TS 36.213。在载波聚合场景下，若SCell的CQI经PCell的PUCCH上报，则CQI应计入Scell而不是Pcell的统计。空间复用条件下,一次上报两个码字的CQI分别计数。 | F17: eNB收到CQI | G17: CC | H17: 整数 | I17: 个 | J17: EutranCellTdd EutranCellFdd | K17: 15分钟 | L17: 15分钟 | M17: 否
A18: ENBHN17 | B18: B | C18: PHY.ULMeanNL._PRB | D18: 小区RB上行平均干扰电平 | E18: 采样统计每PRB上行干扰测量值（单位mW），计算采样周期内采样值的平均值（线性平均，参考36.214）。采样范围要覆盖到所有上行子帧（含特殊子帧）。采样间隔不超过5秒，每个RB单独统计。最后再转换成dBm进行上报。 | F18: 无 | G18: SI | H18: 实数 | I18: dBm | J18: EutranCellTdd EutranCellFdd | K18: 15分钟 | L18: 15分钟 | M18: 否 | N18: 北向接口文件格式为PHY.ULMeanNL.PRB0～PHY.ULMeanNL.PRB99。 备注：“超过带宽的PRB测量项不应参与计算”
A19: ENBHN18 | B19: B | C19: PHY.ULMaxNL._PRB | D19: 小区RB上行最大干扰电平 | E19: 采样统计每PRB上行干扰测量值，计算采样周期内采样值的最大值。采样范围要覆盖所有上行子帧（含特殊子帧）。采样间隔不超过5秒，每个RB单独统计。 | F19: 无 | G19: SI | H19: 整数 | I19: dBm | J19: EutranCellTdd EutranCellFdd | K19: 15分钟 | L19: 15分钟 | M19: 否 | N19: 北向接口文件格式为PHY.ULMaxNL.PRB0～PHY.ULMaxNL.PRB99。 备注：“超过带宽的PRB测量项不应参与计算”
A20: ENBHN19 | B20: A | C20: PHY.ULMeanNL | D20: 小区上行平均干扰电平 | E20: 统计小区带宽内上行干扰的平均值。 | F20: 采样统计小区带宽内每PRB上行干扰测量值（单位mW），计算采样周期内采样值的线性平均值，然后再将小区带宽内所有的RB干扰测量值进行平均得出小区平均干扰电平（单位mW）。采样范围要覆盖到所有上行子帧。采样间隔不超过1秒。统计周期内转换为dBm上报。 | G20: SI | H20: 实数 | I20: dBm | J20: EutranCellTdd EutranCellFdd | K20: 15分钟 | L20: 15分钟

Sheet HO
A1: 统计编码 | B1: 重要度 | C1: 英文名称 | D1: 中文名称 | E1: 定义 | F1: 触发点 | G1: 采集方式 | H1: 数据类型 | I1: 单位 | J1: 空间粒度 | K1: 时间粒度 | L1: 上报周期 | M1: 测试要求 | N1: 备注
A2: ENBHO01 | B2: B | C2: EQPT.MeanMeLoad | D2: 系统平均负荷 | E2: 指测量周期中，网元的硬件资源负荷的抽样平均值。网元的硬件资源负荷可取对网元影响最大的模块的负荷，或取不同模块的负荷的加权平均值，不同厂商设备的计算方法各不相同。 | F2: 无 | G2: SI | H2: 实数 | I2: % | J2: ManagedElement | K2: 15分钟 | L2: 15分钟 | M2: 否
A3: ENBHO02 | B3: B | C3: EQPT.MaxMeLoad | D3: 系统最大负荷 | E3: 指测量周期中，网元的硬件资源负荷的抽样最大值。网元的硬件资源负荷可取对网元影响最大的模块的负荷，或取不同模块的负荷的加权平均值，不同厂商设备的计算方法各不相同。 | F3: 无 | G3: SI | H3: 实数 | I3: % | J3: ManagedElement | K3: 15分钟 | L3: 15分钟 | M3: 否

Sheet HP
A1: 统计编码 | B1: 重要度 | C1: 英文名称 | D1: 中文名称 | E1: 定义 | F1: 触发点 | G1: 采集方式 | H1: 数据类型 | I1: 单位 | J1: 空间粒度 | K1: 时间粒度 | L1: 上报周期 | M1: 测试要求 | N1: 备注
A2: ENBHP01 | B2: B | C2: PHY.CellMeanTxPower | D2: 小区平均发射功率 | E2: 本小区控制RRU发射的功率的抽样平均值 | F2: 无 | G2: SI | H2: 实数 | I2: W | J2: EutranCellTdd EutranCellFdd | K2: 15分钟 | L2: 15分钟 | M2: 否
A3: ENBHP02 | B3: B | C3: PHY.CellMaxTxPower | D3: 小区最大发射功率 | E3: 本小区控制RRU发射的功率的抽样最大值 | F3: 无 | G3: SI | H3: 实数 | I3: W | J3: EutranCellTdd EutranCellFdd | K3: 15分钟 | L3: 15分钟 | M3: 否

Sheet HQ
A1: 统计编码 | B1: 重要度 | C1: 英文名称 | D1: 中文名称 | E1: 定义 | F1: 触发点 | G1: 采集方式 | H1: 数据类型 | I1: 单位 | J1: 空间粒度 | K1: 时间粒度 | L1: 上报周期 | M1: 测试要求 | N1: 备注
A2: ENBHQ01 | B2: B | C2: PHY.RruMeanTxPower | D2: RRU平均发射功率 | E2: RRU发射的功率的抽样平均值。注：本测量与”小区平均发射功率”不同，当一个RRU同时为多个小区服务时，RRU的发射功率是多个小区发射功率的叠加结果。 | F2: 无 | G2: SI | H2: 实数 | I2: W | J2: InventoryUnitRru | K2: 15分钟 | L2: 15分钟 | M2: 否
A3: ENBHQ02 | B3: B | C3: PHY.RruMaxTxPower | D3: RRU最大发射功率 | E3: RRU发射的功率的抽样最大值。 | F3: 无 | G3: SI | H3: 实数 | I3: W | J3: InventoryUnitRru | K3: 15分钟 | L3: 15分钟 | M3: 否

Sheet HR
A1: 统计编码 | B1: 重要度 | C1: 英文名称 | D1: 中文名称 | E1: 定义 | F1: 触发点 | G1: 采集方式 | H1: 数据类型 | I1: 单位 | J1: 空间粒度 | K1: 时间粒度 | L1: 上报周期 | M1: 测试要求 | N1: 备注
A2: ENBHR01 | B2: CB | C2: HO.ToGsmAttOutPerRelation | D2: LTE到GSM每相邻关系切换出请求次数 | E2: 统计LTE到GSM小区间切换出请求次数。 | F2: 源eNB向MME发送的“切换请求”消息（HANDOVER REQUIRED），Handover Type IE（LTEtoGERAN）指示系统间（EUTRAN->GERAN）分组域切换请求。（3GPP TS36.413） | G2: CC | H2: 整数 | I2: 次 | J2: GsmRelation | K2: 15分钟 | L2: 15分钟 | M2: 是 | N2: CB条件：2G开启SRVCC
A3: ENBHR02 | B3: CB | C3: HO.ToGsmSuccOutPrepPerRelation | D3: LTE到GSM每相邻关系切换出准备成功次数 | E3: 统计LTE到GSM小区间切换出准备成功次数。 | F3: 源eNB收到MME发送的“切换命令”消息（HANDOVER COMMAND），指示系统间（EUTRAN-> GERAN）分组域切换准备成功。（3GPP TS36.413） | G3: CC | H3: 整数 | I3: 次 | J3: GsmRelation | K3: 15分钟 | L3: 15分钟 | M3: 是
A4: ENBHR03 | B4: CB | C4: HO.ToGsmSuccOutPerRelation | D4: LTE到GSM每相邻关系切换出成功次数 | E4: 统计LTE到GSM小区间切换成功次数。 | F4: 源eNB接收到MME发送的“UE上下文释放”消息（UE CONTEXT RELEASE COMMAND），指示系统间（EUTRAN-> GERAN）分组域切换执行成功。（3GPP TS36.413） | G4: CC | H4: 整数 | I4: 次 | J4: GsmRelation | K4: 15分钟 | L4: 15分钟 | M4: 是

Sheet HS
A1: 统计编码 | B1: 重要度 | C1: 英文名称 | D1: 中文名称 | E1: 定义 | F1: 触发点 | G1: 采集方式 | H1: 数据类型 | I1: 单位 | J1: 空间粒度 | K1: 时间粒度 | L1: 上报周期 | M1: 测试要求 | N1: 备注
A2: ENBHS01 | B2: B | C2: S1SIG.ConnEstabAtt | D2: S1接口UE相关逻辑信令连接建立请求次数 | E2: 统计从eNB到MME的 S1接口UE相关逻辑信令连接建立请求次数。 | F2: eNB发送INITIAL UE MESSAGE 消息给MME（参考32.425）。 | G2: CC | H2: 整数 | I2: 次 | J2: EutranCellTdd EutranCellFdd | K2: 15分钟 | L2: 15分钟 | M2: 否
A3: ENBHS02 | B3: B | C3: S1SIG.ConnEstabSucc | D3: S1接口UE相关逻辑信令连接建立成功次数 | E3: 统计从eNB到MME的 S1接口UE相关逻辑信令连接建立成功次数。 | F3: eNB发送INITIAL UE MESSAGE消息后，在同一个UE相关逻辑信令连接上收到MME返回第一个消息 （参考32.425）。 | G3: CC | H3: 整数 | I3: 次 | J3: EutranCellTdd EutranCellFdd | K3: 15分钟 | L3: 15分钟 | M3: 否

Sheet HT
A1: 统计编码 | B1: 重要度 | C1: 英文名称 | D1: 中文名称 | E1: 定义 | F1: 触发点 | G1: 采集方式 | H1: 数据类型 | I1: 单位 | J1: 空间粒度 | K1: 时间粒度 | L1: 上报周期 | M1: 测试要求 | N1: 备注
A2: ENBHT01 | B2: CB | C2: MAC.ThroughputUl | D2: MAC层上行流量 | E2: 统计MAC层成功接收的数据量 | F2: 无 | G2: CC | H2: 实型 | I2: MByte | J2: CellComponent | K2: 15分钟 | L2: 15分钟 | M2: 否 | N2: CB/CC条件：存在小区合并场景
A3: ENBHT02 | B3: CB | C3: MAC.ThroughputDl | D3: MAC层下行流量 | E3: 统计MAC层成功发送的数据量 | F3: 无 | G3: CC | H3: 实型 | I3: MByte | J3: CellComponent | K3: 15分钟 | L3: 15分钟 | M3: 否
A4: ENBHT03 | B4: CB | C4: ERAB.NbrMaxEstabCC | D4: 子小区最大E-RAB数 | E4: 统计子小区内同时存在的E-RAB最大个数。 | F4: 此测量参数通过预先设定测量时间间隔采样（目前固定为1秒间隔），得到给定小区同时存在的E-RAB数量，然后取最大值。 | G4: SI | H4: 整数 | I4: 个 | J4: CellComponent | K4: 15分钟 | L4: 15分钟 | M4: 否
B5: CB | C5: ERAB.NbrMaxEstabCC.1 | D5: 子小区QCI=1的最大ERAB数
B6: CC | C6: ERAB.NbrMaxEstabCC.2 | D6: 子小区QCI=2的最大ERAB数

Sheet HU
A1: 统计编码 | B1: 重要度 | C1: 英文名称 | D1: 中文名称 | E1: 定义 | F1: 触发点 | G1: 采集方式 | H1: 数据类型 | I1: 单位 | J1: 空间粒度 | K1: 时间粒度 | L1: 上报周期 | M1: 测试要求 | N1: 备注
A2: ENBHU01 | B2: CB | C2: EE.BbuMeanPower | D2: BBU平均功率 | E2: 在预先设定测量周期内，采样电源模块提供给BBU的电流/电压等计算对应的功率，统计BBU功率的抽样平均值。 | F2: 无 | G2: SI | H2: 实数 | I2: W | J2: InventoryUnitShelf | K2: 15分钟 | L2: 15分钟 | M2: 否 | N2: CB条件：非一体化设备且硬件本身支持功耗采集时上报
A3: ENBHU02 | B3: CB | C3: EE.RruMeanPower | D3: RRU平均功率 | E3: 在预先设定测量周期内，采样电源模块提供给RRU的电流/电压等计算对应的功率，统计RRU功率的抽样平均值。 | F3: 无 | G3: SI | H3: 实数 | I3: W | J3: InventoryUnitRru | K3: 15分钟 | L3: 15分钟 | M3: 否 | N3: CB条件：非一体化设备且硬件本身支持功耗采集时上报
A4: ENBHU03 | B4: CB | C4: EE.CarrierShutdownTime | D4: 载波关断时长 | E4: 统计由于节能关断载波的实际生效累计时长。 | F4: 无 | G4: DER(n=1) | H4: 整数 | I4: 秒 | J4: EutranCellTdd EutranCellFdd | K4: 15分钟 | L4: 15分钟 | M4: 否 | N4: CB条件：节能开关打开时，进行统计
A5: ENBHU04 | B5: CB | C5: EE.ChannelShutdownTime | D5: 通道关断时长 | E5: 统计由于节能关断通道的实际生效累计时长。 | F5: 无 | G5: DER(n=1) | H5: 整数 | I5: 秒 | J5: EutranCellTdd EutranCellFdd | K5: 15分钟 | L5: 15分钟 | M5: 否 | N5: CB条件：节能开关打开时，进行统计
A6: ENBHU05 | B6: B | C6: EE.NEMeanPower | D6: 网元平均功率 | E6: 在预先设定测量周期内，采样电源模块提供给这个网元（BBU+RRU）功率的抽样平均值。 | F6: 无 | G6: SI | H6: 实数 | I6: W | J6: ManagedElement | K6: 15分钟 | L6: 15分钟 | M6: 否 | N6: 在多制式共网元场景下，存在LTE、5G侧同时上报相同值的情况，因此多模场景{2G，NB,LTE,5G}下，上层网管在计算整体功耗时，可忽略低制式，直接参考高制式功耗即可。 若硬件本身不支持功耗采集时，本指标统计存在误差。
A7: ENBHU06 | B7: CB | C7: EE.SlotShutdownTime | D7: 符号关断时长 | E7: 统计由于节能关断符号的累计实际生效时长。 | F7: 无 | G7: DER(n=1) | H7: 整数 | I7: 秒 | J7: EutranCellTdd EutranCellFdd | K7: 15分钟 | L7: 15分钟 | M7: 否 | N7: CB条件：节能开关打开，硬件本身支持时上报，进行统计。
A8: ENBHU07 | B8: CB | C8: EE.DeepSleepTime | D8: 深度休眠时长 | E8: 统计由于RRU或者AAU深度休眠节能累计实际生效时长。 | F8: 无 | G8: DER(n=1) | H8: 整数 | I8: 秒 | J8: InventoryUnitRru | K8: 15分钟 | L8: 15分钟 | M8: 否 | N8: CB条件：节能开关打开，硬件本身支持时上报，进行统计。
A9: ENBHU08 | B9: CB | C9: EE.LTENEMeanPower | D9: 网元平均功率LTE（近似） | E9: 在预先设定测量周期内，采样电源模块提供给这个网元的LTE制式功率的抽样平均值。通过累加基站BBU框内单板NR制式能耗，BBU框外LTE制式射频单元和机电等所有物理设备消耗的能耗获得。 由于无法准确区分不同制式的能耗，实际运维总期望一个相对接近的不同制式分摊统计算法为：LTE制式整站能耗=LTE制式BBU能耗+LTE制式各RRU能耗. 1)各制式的BBU功耗占比按照各制式Enable的物理小区数占比进行来分配: LTE制式BBU能耗=BBU总能耗*(sum（Enable的LTE物理小区总数)/sum（BBU 所有Enable的物理小区数)). NB制式BBU能耗=BBU总能耗*(sum（Enable的NB物理小区总数)/sum（BBU 所有Enable的物理小区数)). GSM制式BBU能耗=BBU总能耗*(sum（Enable的GSM物理小区总数)/sum（BBU 所有Enable的物理小区数)). 2)各制式的RRU能耗按照RRU上配置的小区配置功率和小区空口资源利用率指标来估算: LTE制式RRU能耗=RRU整机能耗*（sum(LTE制式小区配置功率*空口资源利用率)）/(sum(各制式小区配置功率*空口资源利用率)) 以LTE/NB/NR 三模RRU分制式能耗计算为例： LTE制式RRU能耗=RRU整机能耗*（sum（LTE小区配置功率*空口资源利用率）/(sum(LTE小区配置功率*空口资源利用率)+sum(NB小区配置功率*空口资源利用率)+sum(NR小区配置功率*空口资源利用率))） NB制式RRU能耗=RRU整机能耗*（sum（NB小区配置功率*空口资源利用率）/(sum(LTE小区配置功率*空口资源利用率)+sum(NB小区配置功率*空口资源利用率)+sum(NR小区配置功率*空口资源利用率))） NR制式RRU能耗=RRU整机能耗*（sum（NR小区配置功率*空口资源利用率）/(sum(LTE小区配置功率*空口资源利用率)+sum(NB小区配置功率*空口资源利用率)+sum(NR小区配置功率*空口资源利用率))） 注1：跨框无法获取对端实际制式的物理小区时，非本BBU的小区不参与统计，因此跨框场景统计值存在误差。 注2：本指标的分摊算法存在较大误差，不作为考核指标。 | F9: 无 | G9: SI | H9: 实数 | I9: W | J9: ManagedElement | K9: 15分钟 | L9: 15分钟 | M9: 否 | N9: 1.分摊的算法仅作参考，无法作为考核的指标。 2.若硬件本身不支持功耗采集时，本指标统计存在误差。
A10: ENBHU09 | B10: CB | C10: EE.NBNEMeanPower | D10: 网元平均功率NB（近似） | E10: 在预先设定测量周期内，采样电源模块提供给这个网元的NB制式功率的抽样平均值。通过累加基站BBU框内单板NB制式能耗，BBU框外NB制式射频单元和机电等所有物理设备消耗的能耗获得。 由于无法准确区分不同制式的能耗，实际运维总期望一个相对接近的不同制式分摊统计算法为：NB制式整站能耗=NB制式BBU能耗+NB制式各RRU能耗. 1)各制式的BBU功耗占比按照各制式Enable的物理小区数占比进行来分配: LTE制式BBU能耗=BBU总能耗*(sum（Enable的LTE物理小区总数)/sum（BBU 所有Enable的物理小区数)). NB制式BBU能耗=BBU总能耗*(sum（Enable的NB物理小区总数)/sum（BBU 所有Enable的物理小区数)). GSM制式BBU能耗=BBU总能耗*(sum（Enable的GSM物理小区总数)/sum（BBU 所有Enable的物理小区数)). 2)各制式的RRU能耗按照RRU上配置的小区配置功率和小区空口资源利用率指标来估算: LTE制式RRU能耗=RRU整机能耗*（sum(LTE制式小区配置功率*空口资源利用率)）/(sum(各制式小区配置功率*空口资源利用率)) 以LTE/NB/NR 三模RRU分制式能耗计算为例： LTE制式RRU能耗=RRU整机能耗*（sum（LTE小区配置功率*空口资源利用率）/(sum(LTE小区配置功率*空口资源利用率)+sum(NB小区配置功率*空口资源利用率)+sum(NR小区配置功率*空口资源利用率))） NB制式RRU能耗=RRU整机能耗*（sum（NB小区配置功率*空口资源利用率）/(sum(LTE小区配置功率*空口资源利用率)+sum(NB小区配置功率*空口资源利用率)+sum(NR小区配置功率*空口资源利用率))） NR制式RRU能耗=RRU整机能耗*（sum（NR小区配置功率*空口资源利用率）/(sum(LTE小区配置功率*空口资源利用率)+sum(NB小区配置功率*空口资源利用率)+sum(NR小区配置功率*空口资源利用率))） 注1：跨框无法获取对端实际制式的物理小区时，非本BBU的小区不参与统计，因此跨框场景统计值存在误差。 注2：本指标的分摊算法存在较大误差，不作为考核指标。 | F10: 无 | G10: SI | H10: 实数 | I10: W | J10: ManagedElement | K10: 15分钟 | L10: 15分钟 | M10: 否 | N10: 1.分摊的算法仅作参考，无法作为考核的指标。 2.若硬件本身不支持功耗采集时，本指标统计存在误差。 3.仅当LTE所在的站与NB共BBU时，上报
A11: ENBHU10 | B11: CB | C11: EE.GSMNEMeanPower | D11: 网元平均功率GSM（近似） | E11: 在预先设定测量周期内，采样电源模块提供给这个网元的GSM制式功率的抽样平均值。通过累加基站BBU框内单板GSM制式能耗，BBU框外GSM制式射频单元和机电等所有物理设备消耗的能耗获得。 由于无法准确区分不同制式的能耗，实际运维总期望一个相对接近的不同制式分摊统计算法为：GSM制式整站能耗=GSM制式BBU能耗+GSM制式各RRU能耗. 1)各制式的BBU功耗占比按照各制式Enable的物理小区数占比进行来分配: LTE制式BBU能耗=BBU总能耗*(sum（Enable的LTE物理小区总数)/sum（BBU 所有Enable的物理小区数)). NB制式BBU能耗=BBU总能耗*(sum（Enable的NB物理小区总数)/sum（BBU 所有Enable的物理小区数)). GSM制式BBU能耗=BBU总能耗*(sum（Enable的GSM物理小区总数)/sum（BBU 所有Enable的物理小区数)). 2)各制式的RRU能耗按照RRU上配置的小区配置功率和小区空口资源利用率指标来估算: GSM制式RRU能耗=RRU整机能耗*（sum(GSM制式小区配置功率*空口资源利用率)）/(sum(各制式小区配置功率*空口资源利用率)) 以GSM/NB/LTE 三模RRU分制式能耗计算为例： LTE制式RRU能耗=RRU整机能耗*（sum（LTE小区配置功率*空口资源利用率）/(sum(LTE小区配置功率*空口资源利用率)+sum(NB小区配置功率*空口资源利用率)+sum(NR小区配置功率*空口资源利用率))） NB制式RRU能耗=RRU整机能耗*（sum（NB小区配置功率*空口资源利用率）/(sum(LTE小区配置功率*空口资源利用率)+sum(NB小区配置功率*空口资源利用率)+sum(NR小区配置功率*空口资源利用率))） GSM制式RRU能耗=RRU整机能耗*（sum（GSM小区配置功率*空口资源利用率）/(sum(LTE小区配置功率*空口资源利用率)+sum(NB小区配置功率*空口资源利用率)+sum(GSM小区配置功率*空口资源利用率))） 注1：跨框无法获取对端实际制式的物理小区时，非本BBU的小区不参与统计，因此跨框场景统计值存在误差。 注2：本指标的分摊算法存在较大误差，不作为考核指标。 | F11: 无 | G11: SI | H11: 实数 | I11: W | J11: ManagedElement | K11: 15分钟 | L11: 15分钟 | M11: 否 | N11: 1.分摊的算法仅作参考，无法作为考核的指标。 2.若硬件本身不支持功耗采集时，本指标统计存在误差。 3.仅当LTE所在的站与GSM 共BBU时，上报
A12: ENBHU11 | B12: CB | C12: EE.DLPowerOptTime | D12: 下行功率优化生效时长 | E12: 统计基于实际功率调整的实际生效累计时长。 | F12: 无 | G12: DER(n=1) | H12: 整数 | I12: 秒 | J12: EutranCellTdd | K12: 15分钟 | L12: 15分钟 | M12: 否 | N12: CB条件：节能开关打开时，进行统计
A13: ENBHU12 | B13: CA | C13: EE.AveBbuTemp | D13: BBU平均温度 | E13: 在预先设定测量周期内，采集到的BBU的平均温度 | F13: 无 | G13: SI | H13: 实数 | I13: ℃ | J13: InventoryUnitShelf | K13: 15分钟 | L13: 15分钟 | M13: 否 | N13: 上报条件：要求支持检测温度的BBU上报

Sheet HV
A1: 统计编码 | B1: 重要度 | C1: 英文名称 | D1: 中文名称 | E1: 定义 | F1: 触发点 | G1: 采集方式 | H1: 数据类型 | I1: 单位 | J1: 空间粒度 | K1: 时间粒度 | L1: 上报周期 | M1: 测试要求 | N1: 备注
A2: ENBHV01 | B2: CB | C2: ERAB.NbrHoInc | D2: 每PLMN切换入E-RAB数 | E2: 区分PLMN统计小区切换入E-RAB个数。 | F2: eNB收到UE发送的“RRC连接重配置完成”消息 （RRCConnectionReconfigurationComplete），指示UE小区切换入时，统计该RRC连接对应的E-RAB个数，包括系统间的切换。（3GPP TS 23.401，TS 36.331和TS 36.413） | G2: CC | H2: 整数 | I2: 个 | J2: EutranPlmn | K2: 15分钟 | L2: 15分钟 | M2: 否 | N2: CB条件：支持网络共享（MOCN）的小区上报
A3: ENBHV02 | B3: CB | C3: ERAB.NbrAttEstab | D3: 每PLMNE-RAB建立请求数 | E3: 区分PLMN统计请求建立的E-RAB个数。 | F3: eNB接收到MME发来的“初始上下文建立请求消息”（INITIAL CONTEXT SETUP REQUEST）或 “E-RAB建立请求”（E-RAB SETUP REQUEST）消息，消息中包含的E-RAB个数。（3GPP TS 36.413）。 | G3: CC | H3: 整数 | I3: 个 | J3: EutranPlmn | K3: 15分钟 | L3: 15分钟 | M3: 否 | N3: CB条件：支持网络共享（MOCN）的小区上报
A4: ENBHV03 | B4: CB | C4: ERAB.NbrSuccEstab | D4: 每PLMNE-RAB建立成功数 | E4: 区分PLMN统计E-RAB建立成功个数。 | F4: eNB向MME发送“初始上下文建立响应”（INITIAL CONTEXT SETUP RESPONSE）消息或“E-RAB建立响应”（E-RAB SETUP RESPONSE）消息中，成功建立的E-RAB个数；并包括不直接造成通话失败的流程冲突导致E-RAB建立中断次数。（3GPP TS 36.413） 场景为VoLTE业务弱场起呼触发FlashCsfb（bSRVCC规避）导致的E-RAB建立流程中断，或ERAB建立完成前发起切换流程。因为此类流程冲突不会直接造成通话失败，故包含在E-RAB建立成功数中。 | G4: CC | H4: 整数 | I4: 个 | J4: EutranPlmn | K4: 15分钟 | L4: 15分钟 | M4: 否 | N4: CB条件：支持网络共享（MOCN）的小区上报
A5: ENBHV04 | B5: CB | C5: ERAB.NbrReqRelEnb | D5: 每PLMNeNB请求释放的E-RAB数 | E5: 区分PLMN统计eNB请求释放的E-RAB个数 | F5: eNB向MME发送“E-RAB释放指示”（E-RAB RELEASE INDICATION）或“UE上下文释放请求(UE CONTEXT RELEASE REQUEST)”消息或S1AP Reset消息，消息中含有要求释放的E-RAB个数，每个原因对应一个子测量项。其中，E-RAB正常释放的原因包括：User Inactivity, CS Fallback triggered, Inter-RAT Redirection、UE Not Available for PS Service、Redirection towards 1xRTT。（3GPP TS 36.413） | G5: CC | H5: 整数 | I5: 个 | J5: EutranPlmn | K5: 15分钟 | L5: 15分钟 | M5: 否 | N5: CB条件：支持网络共享（MOCN）的小区上报
B6: CB | C6: ERAB.NbrReqRelEnb.CauseUserInactivity | D6: 每PLMN用户不活动原因eNB请求释放的E-RAB数 | E6: 区分PLMN统计用户不活动原因eNB请求释放的E-RAB个数 | J6: EutranPlmn | N6: CB条件：支持网络共享（MOCN）的小区上报，EU0227 E-RAB掉线率（剔除UI原因）需要此counter
B7: CB | C7: ERAB.NbrReqRelEnb.Normal | D7: 每PLMN正常的eNB请求释放的E-RAB数 | E7: 区分PLMN统计eNB请求正常释放的E-RAB个数 | J7: EutranPlmn | N7: CB条件：支持网络共享（MOCN）的小区上报
A8: ENBHV05 | B8: CB | C8: ERAB.HoFail | D8: 每PLMN切出失败的E-RAB数 | E8: 区分PLMN统计切出过程中，未能切换的E-RAB数。由于eNB内的切换属内部流程，无法约定触发点，因此不统计在内。 | F8: （1）对于基于S1接口的成功切换，统计MME发给eNB的Handover Command消息中包括的E-RABs to Release List IE 中的E-RAB个数。（3GPP TS 36.413） （2）对于基于X2接口的成功切换，target eNB发给Source eNB的Handover Request ACK消息中的E-RABs Not Admitted List IE 中的E-RAB数（3GPP TS 36.423） 注：在网络开启Multiple HO功能时，只统计被选中的目标小区对应的Handover Command和Handover Request ACK消息。 | G8: CC | H8: 整数 | I8: 个 | J8: EutranPlmn | K8: 15分钟 | L8: 15分钟 | M8: 否 | N8: CB条件：支持网络共享（MOCN）的小区上报
A9: ENBHV06 | B9: CB | C9: ERAB.NbrReqRelMmeInitNoHo | D9: 每PLMNMME释放的E-RAB数 | E9: 区分PLMN统计MME发起的要求释放的E-RAB个数，不含成功切换引起的释放。 | F9: eNB收到MME发送的“E-RAB释放命令”（E-RAB RELEASE COMMAND）或“UE上下文释放命令”(UE CONTEXT RELEASE COMMAND)或S1AP Reset消息，且释放原因非成功切换(Successful Handover)时进行统计，统计消息中包含有或对应要求释放的E-RAB个数，（3GPP TS 36.413） | G9: CC | H9: 整数 | I9: 个 | J9: EutranPlmn | K9: 15分钟 | L9: 15分钟 | M9: 否 | N9: CB条件：支持网络共享（MOCN）的小区上报
A10: ENBHV07 | B10: CB | C10: ERAB.NbrReqRelEnbByHo | D10: 每PLMN成功切换释放的E-RAB数 | E10: 区分PLMN统计由成功切换引起的要求释放的E-RAB个数。 | F10: eNB收到MME发送的“E-RAB释放命令”（E-RAB RELEASE COMMAND）或“UE上下文释放命令”(UE CONTEXT RELEASE COMMAND)或S1AP Reset消息，且释放原因为成功切换(Successful Handover)，或eNB收到目标eNB发来的UE CONTEXT RELEASE消息，统计消息中包含或对应要求释放的E-RAB个数，（3GPP TS 36.413） | G10: CC | H10: 整数 | I10: 个 | J10: EutranPlmn | K10: 15分钟 | L10: 15分钟 | M10: 否 | N10: CB条件：支持网络共享（MOCN）的小区上报
A11: ENBHV08 | B11: CB | C11: ERAB.NbrLeft | D11: 每PLMN遗留E-RAB个数 | E11: 区分PLMN统计本采集周期结束时已经存在的E-RAB个数。 | F11: 当采集周期结束时，测量当前小区该PLMN已经存在的E-RAB个数。（3GPP TS 36.413） | G11: Gauge | H11: 整数 | I11: 个 | J11: EutranPlmn | K11: 15分钟 | L11: 15分钟 | M11: 否 | N11: CB条件：支持网络共享（MOCN）的小区上报，EU0202 E-RAB掉线率（小区级）、EU0203 E-RAB掉线率需要此counter
A12: ENBHV09 | B12: CB | C12: ERAB.NbrAttInitEstab | D12: 每PLMN初始E-RAB建立请求数 | E12: 区分PLMN统计初始请求建立的E-RAB个数。 | F12: eNB接收到MME发来的“初始上下文建立请求消息”（INITIAL CONTEXT SETUP REQUEST），消息中包含的E-RAB个数。（3GPP TS 36.413）。 | G12: CC | H12: 整数 | I12: 个 | J12: EutranPlmn | K12: 15分钟 | L12: 15分钟 | M12: 否 | N12: CB条件：支持网络共享（MOCN）的小区上报
A13: ENBHV10 | B13: CB | C13: ERAB.NbrSuccInitEstab | D13: 每PLMN初始E-RAB建立成功数 | E13: 区分PLMN统计初始E-RAB建立成功个数。 | F13: eNB向MME发送“初始上下文建立响应”（INITIAL CONTEXT SETUP RESPONSE），消息中成功建立的E-RAB个数。（3GPP TS 36.413） | G13: CC | H13: 整数 | I13: 个 | J13: EutranPlmn | K13: 15分钟 | L13: 15分钟 | M13: 否 | N13: CB条件：支持网络共享（MOCN）的小区上报
A14: ENBHV11 | B14: CB | C14: RRC.ConnMean | D14: 每PLMNRRC连接平均数 | E14: 区分PLMN统计同时存在的RRC连接平均数量。 | F14: 以1秒为间隔采样，区分PLMN统计小区内同时存在的RRC连接数量，然后对采样点取平均值。 | G14: SI | H14: 实数 | I14: 个 | J14: EutranPlmn | K14: 15分钟 | L14: 15分钟 | M14: 否 | N14: CB条件：支持网络共享（MOCN）的小区上报
A15: ENBHV12 | B15: CB | C15: RRC.ConnMax | D15: 每PLMNRRC连接最大数 | E15: 区分PLMN统计同时存在的RRC连接最大数量。 | F15: 以1秒为间隔采样，区分PLMN统计小区内同时存在的RRC连接数量，然后对采样点取最大值。 | G15: SI | H15: 整数 | I15: 个 | J15: EutranPlmn | K15: 15分钟 | L15: 15分钟 | M15: 否 | N15: CB条件：支持网络共享（MOCN）的小区上报
A16: ENBHV13 | B16: CB | C16: RRC.SuccConnReestab.NonSrccell | D16: 每PLMNRRC连接重建成功次数(非源侧小区) | E16: 区分PLMN统计RRC连接重建成功的次数,并区分重建原因分别统计。 | F16: eNB接收到UE发来的“RRC连接重建完成”（RRCConnectionReestablishmentComplete）消息。（3GPP TS 36.331） | G16: CC | H16: 整数 | I16: 次 | J16: EutranPlmn | K16: 15分钟 | L16: 15分钟 | M16: 否 | N16: CB条件：支持网络共享（MOCN）的小区上报，EU0223 无线掉线率（小区级）需要此counter
A17: ENBHV15 | B17: CB | C17: CONTEXT.SuccInitalSetup | D17: 每PLMN初始上下文建立成功次数 | E17: 区分PLMN统计初始上下文建立成功次数。 | F17: eNB向MME发送“初始上下文建立响应”（INITIAL CONTEXT SETUP RESPONSE）消息。（3GPP TS 36.413） | G17: CC | H17: 整数 | I17: 个 | J17: EutranPlmn | K17: 15分钟 | L17: 15分钟 | M17: 否 | N17: CB条件：支持网络共享（MOCN）的小区上报，EU0223 无线掉线率（小区级）需要此counter
A18: ENBHV16 | B18: CB | C18: CONTEXT.AttRelEnb | D18: 每PLMNeNB请求释放上下文数 | E18: 区分PLMN统计eNB发起的请求释放上下文个数，并应该按释放原因分类统计。 | F18: eNB向MME发送“UE 上下文释放请求”（UE CONTEXT RELEASE REQUEST）消息或者S1 Reset消息中包含的上下文个数，每个原因对应一个子测量项，其中正常释放的原因包括：User Inactivity, CS Fallback triggered, Inter-RAT Redirection、UE Not Available for PS Service、Redirection towards 1xRTT。（3GPP TS 36.413） 注：eNB等待INITIAL CONTEXT SETUP REQUEST消息超时，随后eNB发起的UE CONTEXT RELEASE REQUEST消息不统计。 | G18: CC | H18: 整数 | I18: 个 | J18: EutranPlmn | K18: 15分钟 | L18: 15分钟 | M18: 否 | N18: CB条件：支持网络共享（MOCN）的小区上报，EU0223 无线掉线率（小区级）需要此counter
B19: CB | C19: CONTEXT.AttRelEnb.CauseUserInactivity | D19: 每PLMN用户不活动原因eNB请求释放上下文数 | J19: EutranPlmn | N19: EU0225 无线掉线率（剔除UI原因）需要此counter
B20: CB | C20: CONTEXT.AttRelEnb.Normal | D20: 每PLMN正常的eNB请求释放上下文数 | J20: EutranPlmn | N20: EU0223 无线掉线率（小区级）需要此counter
A21: ENBHV17 | B21: CB | C21: CONTEXT.AttRelMme | D21: 每PLMNMME请求释放上下文数 | E21: 区分PLMN统计MME发起的要求释放上下文个数，并应该按释放原因分类统计。 | F21: eNB收到MME发送的“UE 上下文释放命令”（UE CONTEXT RELEASE COMMAND）消息或者S1 Reset消息中包含的上下文个数。（3GPP TS 36.413） | G21: CC | H21: 整数 | I21: 个 | J21: EutranPlmn | K21: 15分钟 | L21: 15分钟 | M21: 否 | N21: CB条件：支持网络共享（MOCN）的小区上报
A22: ENBHV18 | B22: CB | C22: CONTEXT.NbrLeft | D22: 每PLMN遗留上下文个数 | E22: 区分PLMN统计本采集周期结束时已经存在UE CONTEXT个数。 | F22: 当采集周期结束时，测量当前小区该PLMN已经存在的UE CONTEXT个数。（3GPP TS 36.413） | G22: Gauge | H22: 整数 | I22: 个 | J22: EutranPlmn | K22: 15分钟 | L22: 15分钟 | M22: 否 | N22: CB条件：支持网络共享（MOCN）的小区上报
A23: ENBHV19 | B23: CB | C23: PDCP.UpOctUl | D23: 每PLMN小区用户面上行字节数 | E23: 区分PLMN在测量周期内，累加小区用户面通过空口成功接收的PDCP SDU字节数，即小区用户面PDCP层从下层接收到的PDCP SDU字节数。 | F23: 无 | G23: CC | H23: 实数 | I23: KByte | J23: EutranPlmn | K23: 15分钟 | L23: 15分钟 | M23: 否 | N23: 1KByte=1000Byte CB条件：支持网络共享（MOCN）的小区上报
A24: ENBHV20 | B24: CB | C24: PDCP.UpOctDl | D24: 每PLMN小区用户面下行字节数 | E24: 区分PLMN在测量周期内，累加小区用户面通过空口成功发送的PDCP SDU字节数，即小区用户面PDCP层向下层发送的SDU字节数。成功发送定义为收到UE对PDCP SDU的最后一个分片的ACK确认，具体为UM模式下为MAC层ACK;AM模式下为RLC层ACK。字节数的统计在PDCP层，统计压缩之后的字节数。 单独统计下行CA激活用户的小区用户面下行字节数。 注1：该测量不包括切换过程中，通过X2或S1接口转发到其它eNB的PDCP SDU字节数。 注2：该测量不考虑低层是否重传或传送失败。 | F24: 无 | G24: CC | H24: 实数 | I24: KByte | J24: EutranPlmn | K24: 15分钟 | L24: 15分钟 | M24: 否 | N24: 1KByte=1000Byte CB条件：支持网络共享（MOCN）的小区上报
A25: ENBHV21 | B25: CB | C25: PDCP.NbrPktUl | D25: 每PLMN每PLMN小区上行包数 | E25: 区分PLMN在测量周期内，统计小区上行eNB期望接收到的PDCP总包数。 | F25: 无 | G25: CC | H25: 整数 | I25: 个 | J25: EutranPlmn | K25: 15分钟 | L25: 15分钟 | M25: 否 | N25: 1KByte=1000Byte CB条件：支持网络共享（MOCN）的小区上报
A26: ENBHV22 | B26: CB | C26: PDCP.NbrPktLossUl | D26: 每PLMN小区上行丢包数 | E26: 区分PLMN统计小区上行eNB发现丢失的PDCP包序列号的总数 | F26: 无 | G26: CC | H26: 整数 | I26: 个 | J26: EutranPlmn | K26: 15分钟 | L26: 15分钟 | M26: 否 | N26: CB条件：支持网络共享（MOCN）的小区上报
A27: ENBHV23 | B27: CB | C27: PDCP.NbrPktDl | D27: 每PLMN小区下行包数 | E27: 区分PLMN统计小区下行eNB发送的PDCP总包数，不含重发，但包含丢包。 注：本测量=小区下行PDCP层从上层接收到的包数-小区下行PDCP层弃包数。 | F27: 无 | G27: CC | H27: 整数 | I27: 个 | J27: EutranPlmn | K27: 15分钟 | L27: 15分钟 | M27: 否 | N27: CB条件：支持网络共享（MOCN）的小区上报
A28: ENBHV24 | B28: CB | C28: PDCP.NbrPktLossDl | D28: 每PLMN小区下行丢包数 | E28: 区分PLMN统计小区下行eNB发送丢失的PDCP总包数。注：下行发送是否丢失，需要结合HARQ的结果来判断。 | F28: 无 | G28: CC | H28: 整数 | I28: 个 | J28: EutranPlmn | K28: 15分钟 | L28: 15分钟 | M28: 否 | N28: CB条件：支持网络共享（MOCN）的小区上报
A29: ENBHV25 | B29: CB | C29: PDCP.UpPktDiscardDl | D29: 每PLMN小区下行弃包数 | E29: 区分PLMN统计小区下行eNB的弃包数。弃包指由于拥塞、流量管理等因素，数据包未在空口中传输。 | F29: 无 | G29: CC | H29: 整数 | I29: 个 | J29: EutranPlmn | K29: 15分钟 | L29: 15分钟 | M29: 否 | N29: CB条件：支持网络共享（MOCN）的小区上报，EU0403 小区用户面下行弃包率需要此counter
A30: ENBHV26 | B30: CB | C30: PDCP.ThrpTimeUL | D30: 每PLMN小区PDCP层接收上行数据的业务总时长 | E30: 在小区范围内，区分PLMN累加每个UE每个E-RAB的激活DRB的上行PDCP缓存不为空总时长（不含最后一个TTI）。上行PDCP缓存是否为空的判断依赖于BSR上报（对小数据包和半持续调度业务难以统计）。 | F30: 无 | G30: CC | H30: 整数 | I30: ms | J30: EutranPlmn | K30: 15分钟 | L30: 15分钟 | M30: 否 | N30: CB条件：支持网络共享（MOCN）的小区上报
A31: ENBHV27 | B31: CB | C31: PDCP.ThrpTimeDL | D31: 每PLMN小区PDCP层发送下行数据的业务总时长 | E31: 在小区范围内，区分PLMN累加每个UE每个E-RAB的激活DRB的下行PDCP缓存不为空总时长（不含最后一个TTI）。 | F31: 无 | G31: CC | H31: 整数 | I31: ms | J31: EutranPlmn | K31: 15分钟 | L31: 15分钟 | M31: 否 | N31: CB条件：支持网络共享（MOCN）的小区上报
A32: ENBHV28 | B32: CB | C32: PDCP.UpPktTotDelayDl | D32: 每PLMN小区用户面下行总时延 | E32: 区分PLMN时延统计为从收到PDCP SDU到PDCP SDU成功发送之间所经历的时长，累加统计周期内该PLMN所有的PDCP数据包时延， 成功发送定义为收到UE对PDCP SDU的最后一个分片的ACK确认，具体为UM模式下为MAC层ACK;AM模式下为RLC层ACK。 成功发送时间终点为PDCP SDU的最后一个分片在MAC层发出，即时延统计不包含ACK反馈所消耗的上行时间。（与3GPP TS 32.314有差异） | F32: 无 | G32: DER (n=1) | H32: 实数 | I32: ms | J32: EutranPlmn | K32: 15分钟 | L32: 15分钟 | M32: 否 | N32: CB条件：支持网络共享（MOCN）的小区上报
... A38: ENBHV34 | B38: CB | C38: S1SIG.ConnEstabSucc | D38: 每PLMNS1接口UE相关逻辑信令连接建立成功次数 | E38: 区分PLMN统计从eNB到MME的 S1接口UE相关逻辑信令连接建立成功次数。 | F38: eNB发送INITIAL UE MESSAGE消息后，在同一个UE相关逻辑信令连接上收到MME返回第一个消息 （参考32.425）。 | G38: CC | H38: 整数 | I38: 次 | J38: EutranPlmn | K38: 15分钟 | L38: 15分钟 | M38: 否 | N38: CB条件：支持网络共享（MOCN）的小区上报
